time_s,bridge_legacy,percolation_valid,percolation_status,PJ_channel_W,QJ_channel_J,channel_volume_m3,channel_length_m,channel_effective_radius_m,sigma_eff_S_m,E_channel_mean_V_m,ne_channel_mean_m3,ne_channel_max_m3,Gb_S,Rb_ohm,dGb_dt_S_s,tau_sigma_s,tau_evolution_s,Xi_sigma,Q_required_J,Pi_H,calibration_status,handoff_status,thermal_profile_status
6.198053824772161e-15,False,False,NO_FIELD_SNAPSHOT,4.5635136796618866e-06,0.0,4.712388980384692e-16,9.375000000000004e-06,4e-06,1.943596628478035e-05,21764526.455067992,3551950859994208.5,6339749810093922.0,2.185962254724331e-11,45746444058.61934,nan,4.555568621115286e-07,nan,nan,nan,nan,NOT_AVAILABLE,HANDOFF_CALIBRATION_PENDING,NOT_AVAILABLE
1.2396107642657781e-14,False,False,NO_FIELD_SNAPSHOT,4.574738970023565e-06,2.831969086209314e-20,4.712388980384692e-16,9.375000000000004e-06,4e-06,1.9446821996533418e-05,21764526.397909723,3554228841618143.5,6336878955197043.0,2.194440734735464e-11,45569697288.75126,13.679261684799954,4.5530255865859953e-07,1.6042099239711677e-12,283817.31832920806,nan,nan,NOT_AVAILABLE,HANDOFF_CALIBRATION_PENDING,NOT_AVAILABLE
1.8594161453033164e-14,False,False,NO_FIELD_SNAPSHOT,4.585968164289685e-06,5.670896874187474e-20,4.712388980384692e-16,9.375000000000004e-06,4e-06,1.945766662388024e-05,21764526.340539977,3556504834663925.0,6333994948288754.0,2.2029530241054386e-11,45393614346.637,13.733810048123786,4.550487981911113e-07,1.6040363281465292e-12,283689.83308309613,nan,nan,NOT_AVAILABLE,HANDOFF_CALIBRATION_PENDING,NOT_AVAILABLE
2.479221525646677e-14,False,False,NO_FIELD_SNAPSHOT,4.5972011572200715e-06,8.516785751225393e-20,4.712388980384692e-16,9.375000000000004e-06,4e-06,1.9468499971953162e-05,21764526.283344403,3558778800516319.0,6331097849123743.0,2.211499127246919e-11,45218195552.484505,13.788365529750727,4.547955839204653e-07,1.6038878012591384e-12,283558.2286762367,nan,nan,NOT_AVAILABLE,HANDOFF_CALIBRATION_PENDING,NOT_AVAILABLE
3.099026905270719e-14,False,False,NO_ELECTRODE_ADJACENT_SEEDS,4.608437843213509e-06,1.1369638038898204e-19,4.712388980384692e-16,9.375000000000004e-06,4e-06,1.9479321845703437e-05,21764526.22628334,3561050700547784.5,6328187717328334.0,2.2200790476978758e-11,45043441180.03167,13.842926720257058,4.545429190468955e-07,1.6037642129890938e-12,283422.5351616488,nan,nan,NOT_AVAILABLE,HANDOFF_CALIBRATION_PENDING,NOT_AVAILABLE
3.718832284168924e-14,False,False,NO_FIELD_SNAPSHOT,4.619678116314895e-06,1.4229455993304241e-19,4.712388980384692e-16,9.375000000000004e-06,4e-06,1.9490132050003095e-05,21764526.16915165,3563320496120308.5,6325264612400284.0,2.2286927881339046e-11,44869351456.79297,13.897492227868403,4.5429080675718635e-07,1.603665432289104e-12,283282.7830607551,nan,nan,NOT_AVAILABLE,HANDOFF_CALIBRATION_PENDING,NOT_AVAILABLE
4.338637662384921e-14,False,False,NO_FIELD_SNAPSHOT,4.630921870343086e-06,1.7096241805031967e-19,4.712388980384692e-16,9.375000000000004e-06,4e-06,1.9500930389885176e-05,21764526.112200473,3565588148586767.0,6322328593708668.0,2.2373403504711016e-11,44695926562.51146,13.952060826073327,4.540392502191858e-07,1.6035913105324237e-12,283139.0063272642,nan,nan,NOT_AVAILABLE,HANDOFF_CALIBRATION_PENDING,NOT_AVAILABLE
4.958443039864167e-14,False,False,NO_FIELD_SNAPSHOT,4.64216899870981e-06,1.9969997598278306e-19,4.712388980384692e-16,9.375000000000004e-06,4e-06,1.951171667008058e-05,21764526.055173393,3567853619291132.5,6319379720493954.0,2.2460217356909983e-11,44523166633.21807,14.006631009243481,4.5378825259271427e-07,1.6035417326327562e-12,282991.2333168076,nan,nan,NOT_AVAILABLE,HANDOFF_CALIBRATION_PENDING,NOT_AVAILABLE
5.5782484166437406e-14,False,False,NO_FIELD_SNAPSHOT,4.653419394587934e-06,2.2850725431526175e-19,4.712388980384692e-16,9.375000000000004e-06,4e-06,1.9522490695464835e-05,21764525.99811,3570116869570849.0,6316418051867801.0,2.2547369439981092e-11,44351071758.588196,14.061201521668,4.5353781701926327e-07,1.6035165561944402e-12,282839.49752014154,nan,nan,NOT_AVAILABLE,HANDOFF_CALIBRATION_PENDING,NOT_AVAILABLE
6.19805379273199e-14,False,False,NO_FIELD_SNAPSHOT,4.664672950919381e-06,2.5738427296842275e-19,4.712388980384692e-16,9.375000000000004e-06,4e-06,1.9533252270835675e-05,21764525.941158764,3572377860757221.0,6313443646813076.0,2.2634859747826052e-11,44179641983.24861,14.115771050121223,4.5328794662729245e-07,1.6035156469636612e-12,282683.8312963246,nan,nan,NOT_AVAILABLE,HANDOFF_CALIBRATION_PENDING,NOT_AVAILABLE
6.817859168129084e-14,False,False,NO_FIELD_SNAPSHOT,4.675929560174308e-06,2.8633105119754003e-19,4.712388980384692e-16,9.375000000000004e-06,4e-06,1.9544001200991046e-05,21764525.88398573,3574636554176755.0,6310456564183830.0,2.2722688265053362e-11,44008877309.55506,14.170338095412596,4.530386445305283e-07,1.603538893148177e-12,282524.26334424096,nan,nan,NOT_AVAILABLE,HANDOFF_CALIBRATION_PENDING,NOT_AVAILABLE
7.437664542857226e-14,False,False,NO_FIELD_SNAPSHOT,4.687189114809223e-06,3.1534760759240124e-19,4.712388980384692e-16,9.375000000000004e-06,4e-06,1.9554737290657203e-05,21764525.827066008,3576892911152388.5,6307456862705097.0,2.281085496918041e-11,43838777693.82573,14.2249015129498,4.5278991382974624e-07,1.6035861442284356e-12,282360.82948172756,nan,nan,NOT_AVAILABLE,HANDOFF_CALIBRATION_PENDING,NOT_AVAILABLE
8.057469916930895e-14,False,False,NO_FIELD_SNAPSHOT,4.698451506901484e-06,3.4443396007470336e-19,4.712388980384692e-16,9.375000000000004e-06,4e-06,1.9565460344730898e-05,21764525.77031752,3579146893004619.5,6304444600973093.0,2.2899359829158807e-11,43669343049.78491,14.27945992089408,4.52541757607277e-07,1.6036572780775736e-12,282193.56080232636,nan,nan,NOT_AVAILABLE,HANDOFF_CALIBRATION_PENDING,NOT_AVAILABLE
8.67727529029325e-14,False,False,NO_FIELD_SNAPSHOT,4.709716628059172e-06,3.735901258924289e-19,4.712388980384692e-16,9.375000000000004e-06,4e-06,1.9576170167858432e-05,21764525.71350623,3581398461052201.0,6301419837454941.0,2.2988202804050163e-11,43500573251.5904,14.334011725228535,4.5229417893687116e-07,1.6037521975505186e-12,282022.4842888321,nan,nan,NOT_AVAILABLE,HANDOFF_CALIBRATION_PENDING,NOT_AVAILABLE
9.297080662983088e-14,False,False,NO_FIELD_SNAPSHOT,4.720984370017307e-06,4.0281612162662495e-19,4.712388980384692e-16,9.375000000000004e-06,4e-06,1.958686656484178e-05,21764525.65707075,3583647576614216.5,6298382630488649.0,2.307738384687736e-11,43332468127.027824,14.388555949453732,4.5204718087441177e-07,1.6038707378243543e-12,281847.639098156,nan,nan,NOT_AVAILABLE,HANDOFF_CALIBRATION_PENDING,NOT_AVAILABLE
9.916886034983271e-14,False,False,NO_FIELD_SNAPSHOT,4.7322546233368995e-06,4.3211196318103767e-19,4.712388980384692e-16,9.375000000000004e-06,4e-06,1.9597549340518308e-05,21764525.599688333,3585894201010541.0,6295333038283168.0,2.3166902897572682e-11,43165027471.35765,14.443090482812853,4.5180076646082466e-07,1.6040128617307416e-12,281669.04221287125,nan,nan,NOT_AVAILABLE,HANDOFF_CALIBRATION_PENDING,NOT_AVAILABLE
1.0536691406370477e-13,False,False,NO_FIELD_SNAPSHOT,4.743527279805679e-06,4.614776657893449e-19,4.712388980384692e-16,9.375000000000004e-06,4e-06,1.960821829966365e-05,21764525.543182835,3588138295563258.0,6292271118917968.0,2.325675989531256e-11,42998251024.70752,14.49761520116664,4.5155493872443685e-07,1.6041783129573656e-12,281486.74937013554,nan,nan,NOT_AVAILABLE,HANDOFF_CALIBRATION_PENDING,NOT_AVAILABLE
1.1156496777079106e-13,False,False,NO_FIELD_SNAPSHOT,4.754802229758038e-06,4.909132440032841e-19,4.712388980384692e-16,9.375000000000004e-06,4e-06,1.9618873247094797e-05,21764525.486582316,3590379821597366.0,6289196930343741.0,2.334695476459319e-11,42832138498.7026,14.55212773931067,4.513097006787149e-07,1.6043670852011864e-12,281300.77264837496,nan,nan,NOT_AVAILABLE,HANDOFF_CALIBRATION_PENDING,NOT_AVAILABLE
1.1776302147131743e-13,False,False,NO_FIELD_SNAPSHOT,4.766079363561788e-06,5.204187116991588e-19,4.712388980384692e-16,9.375000000000004e-06,4e-06,1.9629513987686178e-05,21764525.42967613,3592618740442574.0,6286110530381610.0,2.343748742307535e-11,42666689562.27156,14.60662699235281,4.5106505532201846e-07,1.6045790335678367e-12,281111.1487098643,nan,nan,NOT_AVAILABLE,HANDOFF_CALIBRATION_PENDING,NOT_AVAILABLE
1.2396107516561005e-13,False,False,NO_FIELD_SNAPSHOT,4.777358571683774e-06,5.499940820745593e-19,4.712388980384692e-16,9.375000000000004e-06,4e-06,1.964014032634967e-05,21764525.373182356,3594855013434110.0,6283011976723296.0,2.352835778186826e-11,42501903841.78166,14.661111903013502,4.5082100563818353e-07,1.6048140098454708e-12,280917.91501844727,nan,nan,NOT_AVAILABLE,HANDOFF_CALIBRATION_PENDING,NOT_AVAILABLE
1.3015912885334043e-13,False,False,NO_FIELD_SNAPSHOT,4.78863974397875e-06,5.796393676431667e-19,4.712388980384692e-16,9.375000000000004e-06,4e-06,1.965075206797586e-05,21764525.31679679,3597088601913562.5,6279901326931377.0,2.3619565741621848e-11,42337780928.7079,14.715580785326607,4.5057755459799215e-07,1.6050719360783708e-12,280721.0969614709,nan,nan,NOT_AVAILABLE,HANDOFF_CALIBRATION_PENDING,NOT_AVAILABLE
1.3635718253462583e-13,False,False,NO_FIELD_SNAPSHOT,4.799922770129543e-06,6.093545802375688e-19,4.712388980384692e-16,9.375000000000004e-06,4e-06,1.9661349017582888e-05,21764525.26033061,3599319467230549.5,6276778638438893.0,2.3711111194994885e-11,42174320375.63416,14.77003234893766,4.5033470515587794e-07,1.605352692182852e-12,280520.7275315574,nan,nan,NOT_AVAILABLE,HANDOFF_CALIBRATION_PENDING,NOT_AVAILABLE
1.425552362095775e-13,False,False,NO_FIELD_SNAPSHOT,4.8112075395639724e-06,6.391397310057864e-19,4.712388980384692e-16,9.375000000000004e-06,4e-06,1.9671930980184845e-05,21764525.203595404,3601547570743528.5,6273643968549353.0,2.380299402606909e-11,42011521697.85019,14.824465210027478,4.5009246025307085e-07,1.6056561696383088e-12,280316.8379158403,nan,nan,NOT_AVAILABLE,HANDOFF_CALIBRATION_PENDING,NOT_AVAILABLE
1.4875328987855783e-13,False,False,NO_FIELD_SNAPSHOT,4.8224939417568035e-06,6.689948304118671e-19,4.712388980384692e-16,9.375000000000004e-06,4e-06,1.968249776089889e-05,21764525.14720573,3603772873821116.0,6270497374436678.0,2.3895214112136775e-11,41849384370.7424,14.878878272581535,4.4985082281526623e-07,1.6059822302713735e-12,280109.4646852051,nan,nan,NOT_AVAILABLE,HANDOFF_CALIBRATION_PENDING,NOT_AVAILABLE
1.549513435413077e-13,False,False,NO_FIELD_SNAPSHOT,4.8337818656605815e-06,6.989198882302102e-19,4.712388980384692e-16,9.375000000000004e-06,4e-06,1.969304916487274e-05,21764525.090892274,3605995337842773.0,6267338913145451.0,2.398777132036759e-11,41687907836.22811,14.933269904886602,4.496097957544107e-07,1.6063307951407274e-12,279898.63427540235,nan,nan,NOT_AVAILABLE,HANDOFF_CALIBRATION_PENDING,NOT_AVAILABLE
1.6114939719782541e-13,False,False,NO_FIELD_SNAPSHOT,4.845071200142174e-06,7.289149135479084e-19,4.712388980384692e-16,9.375000000000004e-06,4e-06,1.970358499732366e-05,21764525.034766424,3608214924200336.5,6264168641590564.0,2.4080665510265113e-11,41527091498.93385,14.98763886947614,4.493693819679345e-07,1.6067017440157205e-12,279684.38052777626,nan,nan,NOT_AVAILABLE,HANDOFF_CALIBRATION_PENDING,NOT_AVAILABLE
1.6734745084806385e-13,False,False,NO_FIELD_SNAPSHOT,4.856361833642591e-06,7.589799147617052e-19,4.712388980384692e-16,9.375000000000004e-06,4e-06,1.9714105063506297e-05,21764524.978435982,3610431594299014.5,6260986616557305.0,2.4173896531662512e-11,41366934730.2045,15.041983606226491,4.4912958433961084e-07,1.6070949925551009e-12,279466.73122635094,nan,nan,NOT_AVAILABLE,HANDOFF_CALIBRATION_PENDING,NOT_AVAILABLE
1.7354550449257167e-13,False,False,NO_FIELD_SNAPSHOT,4.867653654819776e-06,7.891148995804625e-19,4.712388980384692e-16,9.375000000000004e-06,4e-06,1.972460916893055e-05,21764524.922387633,3612645309558792.5,6257792894701148.0,2.4267464228835856e-11,41207436861.563324,15.09630321710035,4.4889040573471943e-07,1.6075103871354984e-12,279245.7263897493,nan,nan,NOT_AVAILABLE,HANDOFF_CALIBRATION_PENDING,NOT_AVAILABLE
1.7974355813070792e-13,False,False,NO_FIELD_SNAPSHOT,4.8789465516039616e-06,8.193198750149046e-19,4.712388980384692e-16,9.375000000000004e-06,4e-06,1.9735097118950618e-05,21764524.866152428,3614856031414630.0,6254587532548027.0,2.4361368434113525e-11,41048597196.19394,15.150595777339218,4.48651849009538e-07,1.6079478848317557e-12,279021.3869751642,nan,nan,NOT_AVAILABLE,HANDOFF_CALIBRATION_PENDING,NOT_AVAILABLE
1.859416117629341e-13,False,False,NO_ELECTRODE_ADJACENT_SEEDS,4.890240412129228e-06,8.495948473871362e-19,4.712388980384692e-16,9.375000000000004e-06,4e-06,1.9745568719139848e-05,21764524.81014933,3617063721318733.5,6251370586493970.0,2.445559234934381e-11,40890442795.87167,15.202178106426155,4.4841391700292867e-07,1.6086900296876615e-12,278744.7604744535,nan,nan,NOT_AVAILABLE,HANDOFF_CALIBRATION_PENDING,NOT_AVAILABLE
1.9213966538923884e-13,False,False,NO_FIELD_SNAPSHOT,4.901535124118429e-06,8.799398223223372e-19,4.712388980384692e-16,9.375000000000004e-06,4e-06,1.9756023775180055e-05,21764524.754117772,3619268340740683.0,6248142112805138.0,2.4550170605679555e-11,40732914490.160614,15.259347859520375,4.4817661253899277e-07,1.6088610621955639e-12,278567.62965434673,nan,nan,NOT_AVAILABLE,HANDOFF_CALIBRATION_PENDING,NOT_AVAILABLE
1.983377190097054e-13,False,False,NO_FIELD_SNAPSHOT,4.9128305751453045e-06,9.103548047497894e-19,4.712388980384692e-16,9.375000000000004e-06,4e-06,1.9766462092787073e-05,21764524.698110573,3621469851162450.5,6244902167618269.0,2.4645084827448324e-11,40576042119.61388,15.313552863652891,4.4793993842888853e-07,1.6093642701259786e-12,278333.46790644515,nan,nan,NOT_AVAILABLE,HANDOFF_CALIBRATION_PENDING,NOT_AVAILABLE
2.0453577262441903e-13,False,False,NO_FIELD_SNAPSHOT,4.924126652607208e-06,9.40839798901417e-19,4.712388980384692e-16,9.375000000000004e-06,4e-06,1.9776883477823107e-05,21764524.642116625,3623668214093436.5,6241650806940026.0,2.4740334815106715e-11,40419824851.73924,15.367725673149284,4.477038974684096e-07,1.6098891495918223e-12,278096.10219555936,nan,nan,NOT_AVAILABLE,HANDOFF_CALIBRATION_PENDING,NOT_AVAILABLE
2.1073382623352704e-13,False,False,NO_FIELD_SNAPSHOT,4.935423243840649e-06,9.713948083113464e-19,4.712388980384692e-16,9.375000000000004e-06,4e-06,1.9787287736305277e-05,21764524.58652801,3625863391064174.5,6238388086647185.0,2.4835920361592423e-11,40264261820.81228,15.421865074746302,4.4746849243792684e-07,1.6104355887707692e-12,277855.56625675136,nan,nan,NOT_AVAILABLE,HANDOFF_CALIBRATION_PENDING,NOT_AVAILABLE
2.1693187983670302e-13,False,False,NO_FIELD_SNAPSHOT,4.946720235650747e-06,1.0020198358114283e-18,4.712388980384692e-16,9.375000000000004e-06,4e-06,1.9797674674311007e-05,21764524.530720264,3628055343627109.5,6235114062486788.0,2.4931841249254216e-11,40109352133.385376,15.475969361194489,4.472337261046614e-07,1.6110035285912385e-12,277611.88487014076,nan,nan,NOT_AVAILABLE,HANDOFF_CALIBRATION_PENDING,NOT_AVAILABLE
2.2312993343426905e-13,False,False,NO_FIELD_SNAPSHOT,4.958017514995652e-06,1.0327148835355994e-18,4.712388980384692e-16,9.375000000000004e-06,4e-06,1.9808044098078654e-05,21764524.4750018,3630244033358274.0,6231828790075705.0,2.5028097254076312e-11,39955094861.92086,15.530037504015173,4.4699960122053853e-07,1.6115928404941384e-12,277365.09494760586,nan,nan,NOT_AVAILABLE,HANDOFF_CALIBRATION_PENDING,NOT_AVAILABLE
2.2932798702626537e-13,False,False,NO_FIELD_SNAPSHOT,4.969314968546402e-06,1.063479952914879e-18,4.712388980384692e-16,9.375000000000004e-06,4e-06,1.9818395813970517e-05,21764524.419380162,3632429421857916.5,6228532324900967.0,2.5124688143003112e-11,39801489049.66554,15.58406804541501,4.467661205231579e-07,1.6122034419886307e-12,277115.22558969236,nan,nan,NOT_AVAILABLE,HANDOFF_CALIBRATION_PENDING,NOT_AVAILABLE
2.355260406127265e-13,False,False,NO_FIELD_SNAPSHOT,4.980612482716575e-06,1.0943150446770432e-18,4.712388980384692e-16,9.375000000000004e-06,4e-06,1.9828729628454772e-05,21764524.363624547,3634611470751706.5,6225224722319629.0,2.5221613673987078e-11,39648533711.0438,15.638059534639803,4.465332867363322e-07,1.6128352509541725e-12,276862.30597462313,nan,nan,NOT_AVAILABLE,HANDOFF_CALIBRATION_PENDING,NOT_AVAILABLE
2.4172409419404084e-13,False,False,NO_FIELD_SNAPSHOT,4.991909944034884e-06,1.1252201588479755e-18,4.712388980384692e-16,9.375000000000004e-06,4e-06,1.9839045348266264e-05,21764524.308306858,3636790141692019.5,6221906037558640.0,2.531887359871815e-11,39496227827.869415,15.69201096039037,4.463011025665995e-07,1.613488141362367e-12,276606.3729416444,nan,nan,NOT_AVAILABLE,HANDOFF_CALIBRATION_PENDING,NOT_AVAILABLE
2.47922147769621e-13,False,False,NO_FIELD_SNAPSHOT,5.003207238409936e-06,1.156195294743473e-18,4.712388980384692e-16,9.375000000000004e-06,4e-06,1.984934278009586e-05,21764524.252712715,3638965396358225.0,6218576325715214.0,2.5416467657149593e-11,39344570358.450356,15.74592043152955,4.460695707103528e-07,1.6141620788490578e-12,276347.4477286771,nan,nan,NOT_AVAILABLE,HANDOFF_CALIBRATION_PENDING,NOT_AVAILABLE
2.541202013399771e-13,False,False,NO_FIELD_SNAPSHOT,5.0145042520756e-06,1.1872404509786736e-18,4.712388980384692e-16,9.375000000000004e-06,4e-06,1.985962173091894e-05,21764524.197455067,3641137196458968.0,6215235641756185.0,2.5514395584185734e-11,39193560227.615875,15.799787130674119,4.458386938465772e-07,1.6148569201069438e-12,276085.57036560954,nan,nan,NOT_AVAILABLE,HANDOFF_CALIBRATION_PENDING,NOT_AVAILABLE
2.603182549049396e-13,False,False,NO_FIELD_SNAPSHOT,5.025800870723424e-06,1.2183556254585114e-18,4.712388980384692e-16,9.375000000000004e-06,4e-06,1.986988200782938e-05,21764524.142125905,3643305503732270.5,6211884040518582.0,2.561265710396874e-11,39043196336.12116,15.853609323171588,4.456084746407232e-07,1.6155726170527842e-12,275820.764685667,nan,nan,NOT_AVAILABLE,HANDOFF_CALIBRATION_PENDING,NOT_AVAILABLE
2.665163084646877e-13,False,False,NO_FIELD_SNAPSHOT,5.037096980059111e-06,1.2495408153812235e-18,4.712388980384692e-16,9.375000000000004e-06,4e-06,1.988012341807835e-05,21764524.08673976,3645470279947076.0,6208521576709204.0,2.5711251933225803e-11,38893477555.938576,15.90738581179191,4.4537891574396795e-07,1.6163090678398227e-12,275553.0638327801,nan,nan,NOT_AVAILABLE,HANDOFF_CALIBRATION_PENDING,NOT_AVAILABLE
2.727143620194462e-13,False,False,NO_FIELD_SNAPSHOT,5.048392465746977e-06,1.2807960172367523e-18,4.712388980384692e-16,9.375000000000004e-06,4e-06,1.989034576909067e-05,21764524.031679906,3647631486904211.5,6205148304904752.0,2.5810179781013206e-11,38744402731.19027,15.961115358781024,4.451500197929836e-07,1.6170661761938653e-12,275282.5000896042,nan,nan,NOT_AVAILABLE,HANDOFF_CALIBRATION_PENDING,NOT_AVAILABLE
2.7891241556919414e-13,False,False,NO_FIELD_SNAPSHOT,5.0596872131441516e-06,1.3121212268041954e-18,4.712388980384692e-16,9.375000000000004e-06,4e-06,1.990054886855964e-05,21764523.97666653,3649789086437287.5,6201764279551975.0,2.5909440347412937e-11,38595970680.619125,16.014796516846385,4.4492178940795454e-07,1.6178438683350186e-12,275009.10200057784,nan,nan,NOT_AVAILABLE,HANDOFF_CALIBRATION_PENDING,NOT_AVAILABLE
2.851104691135825e-13,False,False,NO_FIELD_SNAPSHOT,5.0709811073841595e-06,1.3435164391497321e-18,4.712388980384692e-16,9.375000000000004e-06,4e-06,1.991073252412406e-05,21764523.92150838,3651943040413619.0,6198369554967446.0,2.6009033322789837e-11,38448180199.137665,16.068427719065262,4.4469422719993707e-07,1.6186420835642806e-12,274732.8959968173,nan,nan,NOT_AVAILABLE,HANDOFF_CALIBRATION_PENDING,NOT_AVAILABLE
2.913085226532728e-13,False,False,NO_FIELD_SNAPSHOT,5.082274033750195e-06,1.3749816486331754e-18,4.712388980384692e-16,9.375000000000004e-06,4e-06,1.9920896543889837e-05,21764523.86658768,3654093310736160.0,6194964185337433.0,2.6108958392008948e-11,38301030052.04779,16.122008075474476,4.44467335759332e-07,1.6194606943366484e-12,274453.9199461037,nan,nan,NOT_AVAILABLE,HANDOFF_CALIBRATION_PENDING,NOT_AVAILABLE
2.975065761878529e-13,False,False,NO_FIELD_SNAPSHOT,5.093565877281304e-06,1.4065168488971206e-18,4.712388980384692e-16,9.375000000000004e-06,4e-06,1.9931040735921417e-05,21764523.811993174,3656239859343234.5,6191548224718331.0,2.620921522999362e-11,38154518982.14823,16.17553598485708,4.4424111766738953e-07,1.620299645991928e-12,274172.19942390994,nan,nan,NOT_AVAILABLE,HANDOFF_CALIBRATION_PENDING,NOT_AVAILABLE
3.037046297173575e-13,False,False,NO_FIELD_SNAPSHOT,5.1048565226027136e-06,1.4381220328726106e-18,4.712388980384692e-16,9.375000000000004e-06,4e-06,1.994116490861077e-05,21764523.757178903,3658382648210629.5,6188121727036331.0,2.6309803502214437e-11,38008645709.41521,16.229009920935276,4.440155754881042e-07,1.621158877244571e-12,273887.7612308933,nan,nan,NOT_AVAILABLE,HANDOFF_CALIBRATION_PENDING,NOT_AVAILABLE
3.0990268324206736e-13,False,False,NO_FIELD_SNAPSHOT,5.116145854552684e-06,1.4697971927775083e-18,4.712388980384692e-16,9.375000000000004e-06,4e-06,1.995126887051117e-05,21764523.70239025,3660521639352283.5,6184684746087296.0,2.641072286768099e-11,37863408927.12588,16.282428840637884,4.437907117720652e-07,1.6220382798028748e-12,273600.64019327506,nan,nan,NOT_AVAILABLE,HANDOFF_CALIBRATION_PENDING,NOT_AVAILABLE
3.161007367620788e-13,False,False,NO_FIELD_SNAPSHOT,5.127433757832085e-06,1.5015423201145378e-18,4.712388980384692e-16,9.375000000000004e-06,4e-06,1.9961352430376733e-05,21764523.64782503,3662656794821243.0,6181237335537021.0,2.651197297699429e-11,37718807305.203125,16.335791387795744,4.4356652905571164e-07,1.6229377780130713e-12,273310.86568134534,nan,nan,NOT_AVAILABLE,HANDOFF_CALIBRATION_PENDING,NOT_AVAILABLE
3.2229879027736746e-13,False,False,NO_FIELD_SNAPSHOT,5.138720116733361e-06,1.53335740566991e-18,4.712388980384692e-16,9.375000000000004e-06,4e-06,1.9971415397176494e-05,21764523.59301437,3664788076710740.0,6177779548921204.0,2.6613553470731347e-11,37574839492.95854,16.3890959454431,4.4334302986115757e-07,1.6238573231448502e-12,273018.46260886727,nan,nan,NOT_AVAILABLE,HANDOFF_CALIBRATION_PENDING,NOT_AVAILABLE
3.2849684378831825e-13,False,False,NO_FIELD_SNAPSHOT,5.150004816012492e-06,1.5652424395162161e-18,4.712388980384692e-16,9.375000000000004e-06,4e-06,1.998145758013372e-05,21764523.538870264,3666915447155409.5,6174311439645188.0,2.6715463984871524e-11,37431504111.86127,16.44234177070597,4.431202166954602e-07,1.6247967812266482e-12,272723.4702920352,nan,nan,NOT_AVAILABLE,HANDOFF_CALIBRATION_PENDING,NOT_AVAILABLE
3.346948972943974e-13,False,False,NO_FIELD_SNAPSHOT,5.161287739429229e-06,1.5971974110039478e-18,4.712388980384692e-16,9.375000000000004e-06,4e-06,1.9991478788606173e-05,21764523.48418613,3669038868331723.5,6170833060984546.0,2.6817704141329472e-11,37288799769.36108,16.495526596804904,4.4289809205341553e-07,1.625756169949974e-12,272425.90262907866,nan,nan,NOT_AVAILABLE,HANDOFF_CALIBRATION_PENDING,NOT_AVAILABLE
3.408929507963459e-13,False,False,NO_FIELD_SNAPSHOT,5.172568771628325e-06,1.6292223087724446e-18,4.712388980384692e-16,9.375000000000004e-06,4e-06,2.0001478832310215e-05,21764523.43010995,3671158302460051.0,6167344466084146.0,2.6920273560420137e-11,37146725041.83844,16.54865016225171,4.4267665841272807e-07,1.6267353105225835e-12,272125.8065459461,nan,nan,NOT_AVAILABLE,HANDOFF_CALIBRATION_PENDING,NOT_AVAILABLE
3.470910042935472e-13,False,False,NO_FIELD_SNAPSHOT,5.183847796382372e-06,1.661317120736361e-18,4.712388980384692e-16,9.375000000000004e-06,4e-06,2.0011457521040925e-05,21764523.375961967,3673273711804384.0,6163845707959234.0,2.7023171848782692e-11,37005278491.949005,16.60171026420114,4.42455918240354e-07,1.6277342164592354e-12,271823.1967887337,nan,nan,NOT_AVAILABLE,HANDOFF_CALIBRATION_PENDING,NOT_AVAILABLE
3.532890577863476e-13,False,False,NO_FIELD_SNAPSHOT,5.195124697576324e-06,1.6934818340952909e-18,4.712388980384692e-16,9.375000000000004e-06,4e-06,2.0021414664941527e-05,21764523.321610462,3675385058674579.0,6160336839494538.0,2.7126398606639975e-11,36864458658.924995,16.654705864864045,4.422358739866726e-07,1.628752787755187e-12,271518.10717461916,nan,nan,NOT_AVAILABLE,HANDOFF_CALIBRATION_PENDING,NOT_AVAILABLE
3.5948711127502035e-13,False,False,NO_FIELD_SNAPSHOT,5.206399359331157e-06,1.7257164353295054e-18,4.712388980384692e-16,9.375000000000004e-06,4e-06,2.0031350074364176e-05,21764523.267622676,3677492305426724.0,6156817913444616.0,2.7229953427820984e-11,36724264059.08924,16.707635932839214,4.4201652808871123e-07,1.6297909253756202e-12,271210.57137242256,nan,nan,NOT_AVAILABLE,HANDOFF_CALIBRATION_PENDING,NOT_AVAILABLE
3.65685164759376e-13,False,False,NO_FIELD_SNAPSHOT,5.217671665203854e-06,1.7580209101969003e-18,4.712388980384692e-16,9.375000000000004e-06,4e-06,2.004126355987956e-05,21764523.213611975,3679595414464086.5,6153288982434094.0,2.7333835895042017e-11,36584693192.71015,16.760498676437724,4.4179788297007014e-07,1.6308486055649717e-12,270900.61055484606,nan,nan,NOT_AVAILABLE,HANDOFF_CALIBRATION_PENDING,NOT_AVAILABLE
3.7188321823966467e-13,False,False,NO_FIELD_SNAPSHOT,5.228941499020347e-06,1.790395243736775e-18,4.712388980384692e-16,9.375000000000004e-06,4e-06,2.0051154932380993e-05,21764523.159818053,3681694348238502.5,6149750098957284.0,2.743804558510218e-11,36445744537.39381,16.81329313978588,4.4157994103876797e-07,1.6319257243052867e-12,270588.25929516443,nan,nan,NOT_AVAILABLE,HANDOFF_CALIBRATION_PENDING,NOT_AVAILABLE
3.780812717157505e-13,False,False,NO_FIELD_SNAPSHOT,5.240208744318198e-06,1.8228394202654696e-18,4.712388980384692e-16,9.375000000000004e-06,4e-06,2.006102400293233e-05,21764523.106231812,3683789069250950.5,6146201315378489.0,2.7542582065204984e-11,36307416553.48709,16.8660177757647,4.413627046907366e-07,1.6330222362733286e-12,270273.54244603385,nan,nan,NOT_AVAILABLE,HANDOFF_CALIBRATION_PENDING,NOT_AVAILABLE
3.842793251877125e-13,False,False,NO_FIELD_SNAPSHOT,5.251473284410435e-06,1.855353423377911e-18,4.712388980384692e-16,9.375000000000004e-06,4e-06,2.0070870582945302e-05,21764523.052354958,3685879540052928.0,6142642683931849.0,2.7647444893643238e-11,36169707683.54519,16.918671146129828,4.41146176306055e-07,1.634138086546332e-12,269956.4865037783,nan,nan,NOT_AVAILABLE,HANDOFF_CALIBRATION_PENDING,NOT_AVAILABLE
3.9047737865585216e-13,False,False,NO_FIELD_SNAPSHOT,5.262735002999485e-06,1.887937235948173e-18,4.712388980384692e-16,9.375000000000004e-06,4e-06,2.0080694484047148e-05,21764522.99879457,3687965723247295.0,6139074256721224.0,2.77526336232845e-11,36032616348.201225,16.971252374954933,4.4093035825200654e-07,1.6352731672436871e-12,269637.1267408557,nan,nan,NOT_AVAILABLE,HANDOFF_CALIBRATION_PENDING,NOT_AVAILABLE
3.966754321200399e-13,False,False,NO_FIELD_SNAPSHOT,5.27399378334419e-06,1.920590840125875e-18,4.712388980384692e-16,9.375000000000004e-06,4e-06,2.0090495518128187e-05,21764522.945444856,3690047581489129.0,6135496085720602.0,2.7858147796608926e-11,35896140953.12275,17.023759787501884,4.4071525288217166e-07,1.6364274487155996e-12,269315.48552799,nan,nan,NOT_AVAILABLE,HANDOFF_CALIBRATION_PENDING,NOT_AVAILABLE
4.028734855803315e-13,False,False,NO_FIELD_SNAPSHOT,5.2852495085990245e-06,1.9533142173377198e-18,4.712388980384692e-16,9.375000000000004e-06,4e-06,2.010027349741727e-05,21764522.89191555,3692125077486938.5,6131908222773833.0,2.796398694776058e-11,35760279886.702,17.076192038310122,4.4050086253491503e-07,1.6376008705584881e-12,268991.59035295725,nan,nan,NOT_AVAILABLE,HANDOFF_CALIBRATION_PENDING,NOT_AVAILABLE
4.0907153903692876e-13,False,False,NO_FIELD_SNAPSHOT,5.2965020620305145e-06,1.9861073482873165e-18,4.712388980384692e-16,9.375000000000004e-06,4e-06,2.011002823431251e-05,21764522.83859022,3694198174003550.5,6128310719594565.0,2.807015060362738e-11,35625031519.09611,17.128547956262054,4.4028718953724e-07,1.638793356874432e-12,268665.4712690392,nan,nan,NOT_AVAILABLE,HANDOFF_CALIBRATION_PENDING,NOT_AVAILABLE
4.1526959249015195e-13,False,False,NO_FIELD_SNAPSHOT,5.307751327017802e-06,2.0189702129557387e-18,4.712388980384692e-16,9.375000000000004e-06,4e-06,2.0119759541715088e-05,21764522.785510454,3696266833857228.5,6124703627766499.0,2.8176638284813844e-11,35490394201.46024,17.180826527252155,4.400742361976178e-07,1.6400048181686823e-12,268337.16055116744,nan,nan,NOT_AVAILABLE,HANDOFF_CALIBRATION_PENDING,NOT_AVAILABLE
4.214676459394009e-13,False,False,NO_FIELD_SNAPSHOT,5.318997186244549e-06,2.051902790594202e-18,4.712388980384692e-16,9.375000000000004e-06,4e-06,2.012946723254795e-05,21764522.73221929,3698331019922016.0,6121086998743412.0,2.8283449498714425e-11,35356366275.10563,17.233025622507924,4.3986200481666966e-07,1.6412352722190366e-12,268006.67293845874,nan,nan,NOT_AVAILABLE,HANDOFF_CALIBRATION_PENDING,NOT_AVAILABLE
4.276656993853039e-13,False,False,NO_FIELD_SNAPSHOT,5.3302395230670026e-06,2.084905059735395e-18,4.712388980384692e-16,9.375000000000004e-06,4e-06,2.0139151120230196e-05,21764522.679338254,3700390695129819.0,6117460883848787.0,2.8390583750153844e-11,35222946058.464935,17.28514482401501,4.396504976769247e-07,1.64248457500394e-12,267674.04964875855,nan,nan,NOT_AVAILABLE,HANDOFF_CALIBRATION_PENDING,NOT_AVAILABLE
4.338637528275779e-13,False,False,NO_FIELD_SNAPSHOT,5.341478220257631e-06,2.1179769981823896e-18,4.712388980384692e-16,9.375000000000004e-06,4e-06,2.0148811018387096e-05,21764522.62642954,3702445822470308.0,6113825334276445.0,2.849804053197451e-11,35090131859.34697,17.337182201068824,4.394397170493078e-07,1.6437527276040063e-12,267339.3081998721,nan,nan,NOT_AVAILABLE,HANDOFF_CALIBRATION_PENDING,NOT_AVAILABLE
4.400618062664524e-13,False,False,NO_FIELD_SNAPSHOT,5.3527131608456725e-06,2.1511185830152045e-18,4.712388980384692e-16,9.375000000000004e-06,4e-06,2.0158446740990317e-05,21764522.5737483,3704496364992606.5,6110180401090010.0,2.860581933113969e-11,34957921967.69631,17.389136803691873,4.3922966519021713e-07,1.6450396390616936e-12,267002.4811321551,nan,nan,NOT_AVAILABLE,HANDOFF_CALIBRATION_PENDING,NOT_AVAILABLE
4.462598597019038e-13,False,False,NO_FIELD_SNAPSHOT,5.363944227606562e-06,2.1843297905867304e-18,4.712388980384692e-16,9.375000000000004e-06,4e-06,2.0168058102315847e-05,21764522.52109939,3706542285805869.0,6106526135223285.0,2.8713919625176296e-11,34826314660.40611,17.441007110119017,4.390203443425868e-07,1.6463452737495245e-12,266663.59198318416,nan,nan,NOT_AVAILABLE,HANDOFF_CALIBRATION_PENDING,NOT_AVAILABLE
4.52457913134064e-13,False,False,NO_FIELD_SNAPSHOT,5.375171303235419e-06,2.2176105965238805e-18,4.712388980384692e-16,9.375000000000004e-06,4e-06,2.0177644916923843e-05,21764522.468339194,3708583548080411.5,6102862587480076.0,2.8822340883163783e-11,34695308200.457016,17.492791756991785,4.3881175673646726e-07,1.6476695820519118e-12,266322.6665810002,nan,nan,NOT_AVAILABLE,HANDOFF_CALIBRATION_PENDING,NOT_AVAILABLE
4.586559665634107e-13,False,False,NO_FIELD_SNAPSHOT,5.3863942709099865e-06,2.2509609757298665e-18,4.712388980384692e-16,9.375000000000004e-06,4e-06,2.0187206999835718e-05,21764522.41596935,3710620115048770.0,6099189808534213.0,2.8931082570204135e-11,34564900831.94782,17.544490101598463,4.386039045853176e-07,1.649012447934765e-12,265979.7414717083,nan,nan,NOT_AVAILABLE,HANDOFF_CALIBRATION_PENDING,NOT_AVAILABLE
4.64854019989294e-13,False,False,NO_FIELD_SNAPSHOT,7.750757371680942e-06,2.2916733596022205e-18,5.654866776461631e-16,1.125000000000001e-05,4e-06,1.739043331205441e-05,29522626.462940272,3205548030138055.5,6095507848929972.0,2.9040144137662273e-11,34435090792.2353,17.5960999307773,5.09141299352363e-07,1.6503739039847245e-12,308500.57561081956,nan,nan,NOT_AVAILABLE,HANDOFF_CALIBRATION_PENDING,NOT_AVAILABLE
4.710520734120916e-13,False,False,NO_FIELD_SNAPSHOT,7.780845951267704e-06,2.339806213170889e-18,5.654866776461631e-16,1.125000000000001e-05,4e-06,1.7403873527766345e-05,29522626.42379966,3208337082705784.0,6091816759081553.0,2.914952503193207e-11,34305876301.74222,17.64762043958363,5.087481128079863e-07,1.6517538515589137e-12,308004.79885537026,nan,nan,NOT_AVAILABLE,HANDOFF_CALIBRATION_PENDING,NOT_AVAILABLE
4.77250126831929e-13,False,False,NO_FIELD_SNAPSHOT,7.811006774303988e-06,2.3881257812245542e-18,5.654866776461631e-16,1.125000000000001e-05,4e-06,1.741732382659547e-05,29522626.384560302,3211128345507390.5,6088116589273390.0,2.925922469110632e-11,34177255568.35966,17.699050289426435,5.083552387812905e-07,1.6531522433486748e-12,307506.6079525446,nan,nan,NOT_AVAILABLE,HANDOFF_CALIBRATION_PENDING,NOT_AVAILABLE
4.834481802489091e-13,False,False,NO_FIELD_SNAPSHOT,7.841239609040906e-06,2.436632510814407e-18,5.654866776461631e-16,1.125000000000001e-05,4e-06,1.74307840707523e-05,29522626.34553913,3213921791177821.0,6084407389660168.0,2.936924254569402e-11,34049226786.974632,17.7503882567868,5.079626812460343e-07,1.6545690224248924e-12,307006.03864901187,nan,nan,NOT_AVAILABLE,HANDOFF_CALIBRATION_PENDING,NOT_AVAILABLE
4.896462336630216e-13,False,False,NO_FIELD_SNAPSHOT,7.871544221323893e-06,2.4853268475469094e-18,5.654866776461631e-16,1.125000000000001e-05,4e-06,1.74442541219436e-05,29522626.306231085,3216717392246854.0,6080689210266905.0,2.947957801686419e-11,33921788141.876945,17.801632835067377,5.075704441648829e-07,1.656004159280966e-12,306503.12157746573,nan,nan,NOT_AVAILABLE,HANDOFF_CALIBRATION_PENDING,NOT_AVAILABLE
4.958442870744375e-13,False,False,NO_ELECTRODE_ADJACENT_SEEDS,7.901920375451538e-06,2.534209235573855e-18,5.654866776461631e-16,1.125000000000001e-05,4e-06,1.7457733841346772e-05,29522626.26702675,3219515121139869.0,6076962100988826.0,2.9590230519336935e-11,33794937803.76295,17.85278298327358,5.071785314901414e-07,1.6574575822189887e-12,305997.8951685361,nan,nan,NOT_AVAILABLE,HANDOFF_CALIBRATION_PENDING,NOT_AVAILABLE
5.020423404831884e-13,False,False,NO_FIELD_SNAPSHOT,7.932367833518193e-06,2.5832801175782297e-18,5.654866776461631e-16,1.125000000000001e-05,4e-06,1.7471223089637197e-05,29522626.227872092,3222314950178501.0,6073226111591578.0,2.9701199459145035e-11,33668673932.69866,17.90383730017955,5.067869471629456e-07,1.6589292541687236e-12,305490.39140122494,nan,nan,NOT_AVAILABLE,HANDOFF_CALIBRATION_PENDING,NOT_AVAILABLE
5.082403938893242e-13,False,False,NO_FIELD_SNAPSHOT,7.962886355684286e-06,2.63253993476262e-18,5.654866776461631e-16,1.125000000000001e-05,4e-06,1.748472172698011e-05,29522626.188789595,3225116851581383.0,6069481291711181.0,2.981248423455168e-11,33542994677.41213,17.95479453217991,5.063956951134881e-07,1.6604191254385865e-12,304980.6445584802,nan,nan,NOT_AVAILABLE,HANDOFF_CALIBRATION_PENDING,NOT_AVAILABLE
5.1443844729289e-13,False,False,NO_FIELD_SNAPSHOT,7.993475699877055e-06,2.68198912683612e-18,5.654866776461631e-16,1.125000000000001e-05,4e-06,1.74982296130471e-05,29522626.149280615,3227920797464868.5,6065727690854084.0,2.992408423501201e-11,33417898176.81278,18.005653258187102,5.06004779260532e-07,1.6619271628706748e-12,304468.68585173215,nan,nan,NOT_AVAILABLE,HANDOFF_CALIBRATION_PENDING,NOT_AVAILABLE
5.206365006941127e-13,False,False,NO_FIELD_SNAPSHOT,8.02413562266739e-06,2.7316281320047e-18,5.654866776461631e-16,1.125000000000001e-05,4e-06,1.751174660699421e-05,29522626.11003956,3230726759843788.5,6061965358397097.0,3.003599884411377e-11,33293382557.043625,18.056412531018534,5.056142035120374e-07,1.663453290763926e-12,303954.5542513181,nan,nan,NOT_AVAILABLE,HANDOFF_CALIBRATION_PENDING,NOT_AVAILABLE
5.26834554092962e-13,False,False,NO_FIELD_SNAPSHOT,8.054865878333404e-06,2.7814573869563907e-18,5.654866776461631e-16,1.125000000000001e-05,4e-06,1.752527256748833e-05,29522626.071070492,3233534710632079.5,6058194343587683.0,3.014822743644206e-11,33169445935.359936,18.107070898925162,5.052239717643922e-07,1.664997481079707e-12,303438.27994068054,nan,nan,NOT_AVAILABLE,HANDOFF_CALIBRATION_PENDING,NOT_AVAILABLE
5.330326074894105e-13,False,False,NO_FIELD_SNAPSHOT,8.085666218879404e-06,2.8314773268491987e-18,5.654866776461631e-16,1.125000000000001e-05,4e-06,1.7538807352716074e-05,29522626.031741347,3236344621643572.5,6054414695543859.0,3.0260769377599004e-11,33046086420.402294,18.157626912577122,5.048340879021534e-07,1.6665597064690475e-12,302919.8929642606,nan,nan,NOT_AVAILABLE,HANDOFF_CALIBRATION_PENDING,NOT_AVAILABLE
5.392306608836602e-13,False,False,NO_FIELD_SNAPSHOT,8.116536394918147e-06,2.8816883853015835e-18,5.654866776461631e-16,1.125000000000001e-05,4e-06,1.7552350820357875e-05,29522625.992469203,3239156464592765.5,6050626463254109.0,3.037362402719233e-11,32923302109.249092,18.208079604158396,5.044445557987926e-07,1.6681398965465607e-12,302399.4311526933,nan,nan,NOT_AVAILABLE,HANDOFF_CALIBRATION_PENDING,NOT_AVAILABLE
5.454287142757651e-13,False,False,NO_FIELD_SNAPSHOT,8.147476154535876e-06,2.932090994377274e-18,5.654866776461631e-16,1.125000000000001e-05,4e-06,1.756590282761679e-05,29522625.95250329,3241970211095484.5,6046829695577649.0,3.0486790735031275e-11,32801091091.917915,18.258427393203707,5.040553793158646e-07,1.6697380381389968e-12,301876.9218898903,nan,nan,NOT_AVAILABLE,HANDOFF_CALIBRATION_PENDING,NOT_AVAILABLE
5.516267676660842e-13,False,False,NO_FIELD_SNAPSHOT,8.178485245759287e-06,2.982685584580933e-18,5.654866776461631e-16,1.125000000000001e-05,4e-06,1.7579463231206434e-05,29522625.91457782,3244785832669737.5,6043024441244227.0,3.0600268849256495e-11,32679451442.933884,18.30867000959766,5.036665623033566e-07,1.6713539996742205e-12,301352.4139120324,nan,nan,NOT_AVAILABLE,HANDOFF_CALIBRATION_PENDING,NOT_AVAILABLE
5.578248210538718e-13,False,False,NO_FIELD_SNAPSHOT,8.209563410830482e-06,3.0334725848285347e-18,5.654866776461631e-16,1.125000000000001e-05,4e-06,1.7593031887418395e-05,29522625.874439765,3247603300736075.5,6039210748854857.0,3.071405769711077e-11,32558381242.282703,18.358804084921434,5.032781085977595e-07,1.6729879329306112e-12,300825.90477275936,nan,nan,NOT_AVAILABLE,HANDOFF_CALIBRATION_PENDING,NOT_AVAILABLE
5.640228744400552e-13,False,False,NO_FIELD_SNAPSHOT,8.240710393889932e-06,3.0844524224580304e-18,5.654866776461631e-16,1.125000000000001e-05,4e-06,1.7606608651962375e-05,29522625.83436637,3250422586618889.0,6035388666880647.0,3.082815661134273e-11,32437878547.433678,18.408830502542067,5.02890022026652e-07,1.674639603373266e-12,300297.4616231867,nan,nan,NOT_AVAILABLE,HANDOFF_CALIBRATION_PENDING,NOT_AVAILABLE
5.702209278247273e-13,False,False,NO_FIELD_SNAPSHOT,8.271925936346303e-06,3.1356255232062706e-18,5.654866776461631e-16,1.125000000000001e-05,4e-06,1.7620193380186444e-05,29522625.795573737,3253243661546897.5,6031558243663820.0,3.0942564913435464e-11,32317941411.69575,18.458747447330847,5.025023064024006e-07,1.676309023769096e-12,299767.10694580025,nan,nan,NOT_AVAILABLE,HANDOFF_CALIBRATION_PENDING,NOT_AVAILABLE
5.764189812073974e-13,False,False,NO_FIELD_SNAPSHOT,8.303209775855058e-06,3.1869923111908835e-18,5.654866776461631e-16,1.125000000000001e-05,4e-06,1.7633785926879043e-05,29522625.755509857,3256066496653528.0,6027719527417853.0,3.1057281911575364e-11,32198567886.499104,18.50855277572325,5.021149655278297e-07,1.677996237086222e-12,299234.85788009496,nan,nan,NOT_AVAILABLE,HANDOFF_CALIBRATION_PENDING,NOT_AVAILABLE
5.826170345887302e-13,False,False,NO_FIELD_SNAPSHOT,8.334561650500458e-06,3.238553208914366e-18,5.654866776461631e-16,1.125000000000001e-05,4e-06,1.764738614645733e-05,29522625.716080666,3258891062978477.0,6023872566226609.0,3.1172306913315816e-11,32079756008.459927,18.558246382143558,5.017280031908554e-07,1.6797011027566323e-12,298700.7643011291,nan,nan,NOT_AVAILABLE,HANDOFF_CALIBRATION_PENDING,NOT_AVAILABLE
5.88815087968509e-13,False,False,NO_FIELD_SNAPSHOT,8.365981295551917e-06,3.2903086372398263e-18,5.654866776461631e-16,1.125000000000001e-05,4e-06,1.766099389284868e-05,29522625.677325808,3261717331467603.0,6020017408045394.0,3.128763921559229e-11,31961503810.157944,18.607826556115782,5.013414231678803e-07,1.6814236268399152e-12,298164.84981248097,nan,nan,NOT_AVAILABLE,HANDOFF_CALIBRATION_PENDING,NOT_AVAILABLE
5.950131413464627e-13,False,False,NO_FIELD_SNAPSHOT,8.397468443495787e-06,3.342259015380457e-18,5.654866776461631e-16,1.125000000000001e-05,4e-06,1.7674609019466904e-05,29522625.637576092,3264545272974012.5,6016154100700595.0,3.140327810489476e-11,31843809320.15286,18.657291612524624,5.009552292244741e-07,1.6831638137559993e-12,297627.13832742564,nan,nan,NOT_AVAILABLE,HANDOFF_CALIBRATION_PENDING,NOT_AVAILABLE
6.01211194723126e-13,False,False,NO_FIELD_SNAPSHOT,8.429022826572694e-06,3.3944047608973794e-18,5.654866776461631e-16,1.125000000000001e-05,4e-06,1.7688231379341526e-05,29522625.598163713,3267374858259215.0,6012282691889361.0,3.151922286501261e-11,31726670555.38458,18.70664111322428,5.005694251117159e-07,1.6849215566941485e-12,297087.67338334944,nan,nan,NOT_AVAILABLE,HANDOFF_CALIBRATION_PENDING,NOT_AVAILABLE
6.074092480984442e-13,False,False,NO_FIELD_SNAPSHOT,8.460644174297658e-06,3.4467462896787514e-18,5.654866776461631e-16,1.125000000000001e-05,4e-06,1.7701860825042133e-05,29522625.55872726,3270206057993288.0,6008403229180329.0,3.1635472769285166e-11,31610085529.39656,18.755873373966747,5.001840145683625e-07,1.6866968622850361e-12,296546.47835814615,nan,nan,NOT_AVAILABLE,HANDOFF_CALIBRATION_PENDING,NOT_AVAILABLE
6.136073014724929e-13,False,False,NO_FIELD_SNAPSHOT,8.492332214569105e-06,3.499284015932344e-18,5.654866776461631e-16,1.125000000000001e-05,4e-06,1.771549720866996e-05,29522625.519425586,3273038842755898.0,6004515760013306.0,3.175202708420469e-11,31494052248.94943,18.80498728964496,4.997990013211011e-07,1.6884896860147877e-12,296003.5856071696,nan,nan,NOT_AVAILABLE,HANDOFF_CALIBRATION_PENDING,NOT_AVAILABLE
6.198053548453266e-13,False,False,NO_ELECTRODE_ADJACENT_SEEDS,8.524086673808994e-06,3.552018352174675e-18,5.654866776461631e-16,1.125000000000001e-05,4e-06,1.7729140381904817e-05,29522625.480737496,3275873183037038.0,6000620331699470.0,3.186888506987489e-11,31378568713.885845,18.853981829584047,4.994143890832404e-07,1.6902999779001047e-12,295459.0283457694,nan,nan,NOT_AVAILABLE,HANDOFF_CALIBRATION_PENDING,NOT_AVAILABLE
