time_s,observer_id,retarded_time_valid,retarded_time_valid_fraction,source_manifest_id,Ex_total,Ey_total,Ez_total,Ex_rho,Ey_rho,Ez_rho,Ex_drho,Ey_drho,Ez_drho,Ex_dJ,Ey_dJ,Ez_dJ,Bx_total,By_total,Bz_total,Bx_J,By_J,Bz_J,Bx_dJ,By_dJ,Bz_dJ
7.486683071261188e-10,F4_far_field_reference,False,0.99996,F4-C-stage5-highfield-collision,0.00021401909747961983,1.3670859849225602e-18,-0.046864176601209916,1.085417110987952e-05,-1.3867233257788616e-19,-0.004153858763431574,0.00019083880121160068,-7.306253165405189e-18,-0.03404118607082413,1.2326125158139625e-05,8.812011482905636e-18,-0.00866913176695421,1.125744317791451e-28,1.3734966560595444e-10,-4.0068513546861294e-26,1.363858244539068e-28,1.0843348131005906e-10,9.152266963917908e-27,-2.3811392674761692e-29,2.8916184295895378e-11,-4.92207805107792e-26
7.804259442685413e-10,F4_far_field_reference,True,1.0,F4-C-stage5-highfield-collision,0.0003704539565165015,2.1178479375702973e-17,-0.0782342392504185,2.1000059079261478e-05,-3.870494342508238e-20,-0.0057626369881456745,0.0003366477340905555,-5.8376137357380376e-18,-0.03575880700656788,1.2806163346684519e-05,2.7054798054866092e-17,-0.03671279525570495,2.559515134479571e-28,2.369983459202983e-10,-1.5240090725158114e-26,9.576503162167002e-30,1.1454131125406271e-10,4.142406161189578e-27,2.4637501028579012e-28,1.2245703466623558e-10,-1.938249688634769e-26
8.121835814109639e-10,F4_far_field_reference,True,1.0,F4-C-stage5-highfield-collision,0.0005266176786812893,-1.3305815551093801e-17,-0.10960429358987107,3.112665806258527e-05,3.365049186531634e-20,-0.007371414697432337,0.0004822048187855175,1.0618533146330923e-17,-0.03747642090250837,1.3286201833186494e-05,-2.395799918929004e-17,-0.06475645798993036,-1.444666751167252e-28,3.3664702349268497e-10,4.103217312375994e-27,-1.574146423294414e-28,1.2064914097213206e-10,-9.914630727256636e-27,1.2947967212716187e-29,2.1599788252055294e-10,1.401784803963263e-26
8.439412185533864e-10,F4_far_field_reference,True,1.0,F4-C-stage5-highfield-collision,0.0009414830263564242,1.8745315103142234e-17,-0.1482459895548877,6.623829870091512e-05,4.13834127494495e-19,-0.00924806233206921,0.0008664865306498395,-2.8512156813107697e-18,-0.041636868288168434,8.758197005669646e-06,2.1182696656958508e-17,-0.09736105893465008,1.0346171373664295e-27,4.590260068393062e-10,6.435472194503726e-26,3.191867229798306e-29,1.3427395077841393e-10,-2.08122657432179e-26,1.0026984650684463e-27,3.2475205606089227e-10,8.516698768825516e-26
8.75698855695809e-10,F4_far_field_reference,True,1.0,F4-C-stage5-highfield-collision,0.0014169181571005848,7.383103414572779e-20,-0.19062278211591127,0.00010223227387270256,-3.357944220752057e-19,-0.011262734225790357,0.0013056787672839373,-6.495186080819799e-19,-0.04705613457912891,9.007115943944833e-06,1.0591440643029133e-18,-0.132303913310992,2.973731150266023e-28,5.930563552313808e-10,3.2204753605522273e-26,5.51147014606822e-29,1.5175100374733598e-10,2.2723107105903936e-26,2.422584135659201e-28,4.4130535148404486e-10,9.481646499618338e-27
9.074564928382315e-10,F4_far_field_reference,True,1.0,F4-C-stage5-highfield-collision,0.002195596483135561,-2.4350500921547944e-17,-0.238298730782649,0.00017049142741124246,-2.56987158575097e-18,-0.01348015685806588,0.0020144909564957974,-4.851059459674921e-18,-0.05364096057178234,1.0614099228521325e-05,-1.6929569876122052e-17,-0.17117761335280077,-1.3065042292832167e-27,7.439429498431195e-10,-3.646378415384393e-26,-2.2146514998082547e-28,1.7297249235508148e-10,6.932858405484076e-27,-1.0850390793023914e-27,5.70970457488038e-10,-4.339664255932801e-26
9.39214129980654e-10,F4_far_field_reference,True,1.0,F4-C-stage5-highfield-collision,0.003593563017294854,-9.734085086393033e-18,-0.3026714741460353,0.0002830146784031381,-2.6011294323834884e-18,-0.01633935862267352,0.003299621408096534,1.9228550507340847e-17,-0.06391635584186413,1.0926930795181823e-05,-2.6361506161350392e-17,-0.22241575968149763,1.016852536944827e-27,9.478447630757843e-10,-1.794844970563219e-26,9.173868787848119e-28,2.0596757161260483e-10,-2.453016683980525e-27,9.946565816001514e-29,7.418771914631794e-10,-1.5495433021651665e-26
9.709717671230766e-10,F4_far_field_reference,True,1.0,F4-C-stage5-highfield-collision,0.004991529551477749,-6.532747309242475e-17,-0.36704421750942495,0.000395537929383223,-7.342768199887857e-19,-0.019198560387280825,0.00458475185973272,-1.7263174711118576e-17,-0.07419175111194506,1.1239762361806e-05,-4.7330021561317386e-17,-0.27365390601019907,2.6613213670463516e-28,1.1517465763084606e-09,-8.371428543185586e-26,-4.318145308726498e-28,2.3896265087013335e-10,-4.661743036557566e-26,6.979466675772849e-28,9.127839254383273e-10,-3.70968550662802e-26
1.002729404265499e-09,F4_far_field_reference,True,1.0,F4-C-stage5-highfield-collision,0.008666956158533927,9.372775176423224e-19,-0.4575176060819252,0.000710476507777003,6.077978162894235e-18,-0.023292409841259333,0.007937531782172023,-4.727226099654831e-19,-0.09027365961208658,1.8947868584902008e-05,-4.667978035286429e-18,-0.3439515366285793,5.5379571179611315e-27,1.4386008509673292e-09,5.871970329761578e-26,1.1569756702157107e-27,2.913360641632922e-10,-4.142478475386434e-26,4.380981447745421e-27,1.147264786804037e-09,1.0014448805148012e-25
1.0344870414079216e-09,F4_far_field_reference,True,1.0,F4-C-stage5-highfield-collision,0.01269666604642064,3.9469152338980617e-17,-0.554160832226738,0.001044952423043625,7.728012047859867e-19,-0.027679637333331654,0.01163211395029199,-1.3447135076566385e-17,-0.10773613881205096,1.9599673085024958e-05,5.2143486210761013e-17,-0.4187450560813553,3.745202024698065e-28,1.7450187706040103e-09,9.19228749310768e-26,4.868826752615162e-28,3.482777400479577e-10,4.5147330761135e-26,-1.123624727917097e-28,1.3967410305560526e-09,4.6775544169941805e-26
1.066244678550344e-09,F4_far_field_reference,True,1.0,F4-C-stage5-highfield-collision,0.019377772043743826,-1.573016985245122e-17,-0.6676713236683325,0.0016675824084738465,3.1418846725747284e-18,-0.0330412285693387,0.017672761018585472,-1.4516351991797313e-17,-0.12885453203462224,3.7428616684508365e-05,-4.355702533228636e-18,-0.5057755630643715,1.5895357927761208e-27,2.1053942297602234e-09,8.922574322795162e-26,4.529906882142549e-28,4.1835887370281293e-10,5.107906780404696e-26,1.1365451045618659e-27,1.6870353560574103e-09,3.814667542390466e-26
1.0980023156927667e-09,F4_far_field_reference,True,1.0,F4-C-stage5-highfield-collision,0.029553884677115675,-4.121811992213586e-17,-0.8075018229750853,0.0026352040025578345,-1.5193674248531208e-18,-0.03992827542996204,0.02687979752765153,-1.4301524223450457e-18,-0.15569967087227155,3.888314690630956e-05,-3.8268600074937697e-17,-0.6118738766728518,1.42138293119292e-26,2.5498332133859523e-09,1.967754001632078e-26,7.615202956963908e-28,5.08903930032762e-10,4.962442808179476e-26,1.345230901623281e-26,2.0409292833531904e-09,-2.994688806547398e-26
1.1297599528351893e-09,F4_far_field_reference,True,1.0,F4-C-stage5-highfield-collision,0.039734889361549994,-1.2454827336248294e-16,-0.9474529098581137,0.003601930203901752,-2.9683061664605217e-18,-0.046818753618889306,0.03609173873327396,-5.1738821453160125e-17,-0.18256461129326162,4.122042437427844e-05,-6.98411457428623e-17,-0.7180695449459628,-5.497622395271276e-27,2.9946601643005467e-09,1.2598304251272797e-25,-6.96109182231679e-28,5.995121499022799e-10,-1.4887808548330208e-26,-4.801513213039597e-27,2.395148014398267e-09,1.4087085106105819e-25
1.1615175899776117e-09,F4_far_field_reference,True,1.0,F4-C-stage5-highfield-collision,0.06129996151414922,4.7304419111447974e-17,-1.1423287841244432,0.0057895902835270185,-4.20519508127094e-18,-0.056576020570521315,0.05545065098869482,-6.473901583106252e-18,-0.2201667185788458,5.9720241927384326e-05,5.798351577582517e-17,-0.8655860449750761,3.720967204147992e-27,3.614618974629084e-09,-2.5112019990226767e-26,1.4503144691998143e-27,7.27423979094436e-10,2.5098093230079744e-26,2.2706527349481776e-27,2.887194995534648e-09,-5.021011322030651e-26
1.1932752271200343e-09,F4_far_field_reference,True,1.0,F4-C-stage5-highfield-collision,0.09136481168599353,7.547988024651853e-17,-1.3696333858294474,0.008872627594046356,3.9496636211889815e-18,-0.06787735128730533,0.08241846583843906,4.758453113927285e-17,-0.26388403758791007,7.371825350810467e-05,2.3945685486056705e-17,-1.037871996954232,-4.875433930652274e-27,4.337482353550675e-09,-3.9290998221392e-26,2.260399467364243e-28,8.756207467112507e-10,4.924945478631557e-26,-5.101473877388698e-27,3.461861606839425e-09,-8.854045300770757e-26
1.225032864262457e-09,F4_far_field_reference,True,1.0,F4-C-stage5-highfield-collision,0.13258279096921702,-3.615309976315895e-17,-1.6371818854807563,0.013142662619903458,8.33323742839302e-18,-0.08107257863872938,0.1193468892595807,-2.061215407158504e-17,-0.31510338483796096,9.323908973284693e-05,-2.387418311996693e-17,-1.241005922004066,1.2240034396270585e-26,5.188151212449975e-09,5.83142457902555e-25,9.143499235690745e-28,1.0487286435355493e-09,4.5414469123116114e-26,1.132568447270151e-26,4.139422568914426e-09,5.377279887794389e-25
1.2567905014048793e-09,F4_far_field_reference,True,1.0,F4-C-stage5-highfield-collision,0.1967123983771951,1.6263359417447176e-17,-1.9740540909938027,0.01990104235503298,5.9117201245288924e-18,-0.09741044233718364,0.1766858782693377,3.4248068007777006e-17,-0.3787111119241137,0.00012547775282439584,-2.389642871485872e-17,-1.4979325367325054,5.181085976524508e-27,6.259970836240553e-09,-4.522094739452278e-26,3.2110220329505675e-27,1.263560265522345e-09,-6.784794088945762e-26,1.9700639435739404e-27,4.996410570718207e-09,2.262699349493484e-26
1.2885481385473017e-09,F4_far_field_reference,True,1.0,F4-C-stage5-highfield-collision,0.2928224497873075,-1.482186436294351e-16,-2.3910058332848223,0.030074689221619582,7.06992290914995e-18,-0.1171875962349981,0.2625929376562276,-6.201395448329046e-17,-0.4567417385012153,0.00015482290946029114,-9.327461205529458e-17,-1.8170764985486088,-8.607455163414385e-27,7.586165816424266e-09,5.379037244817935e-25,-1.3083053388719567e-27,1.525239264861088e-09,1.4012467801353655e-25,-7.299149824542428e-27,6.060926551563178e-09,3.9777904646825693e-25
1.3203057756897244e-09,F4_far_field_reference,True,1.0,F4-C-stage5-highfield-collision,0.432411275888147,6.304939213337721e-18,-2.9082083403066195,0.045112511629462164,1.3868045041373976e-18,-0.14102731429975718,0.3871249284476363,7.827301204876763e-17,-0.551546302847082,0.0001738358110484941,-7.335487733956731e-17,-2.21563472315978,1.7782232372400328e-26,9.232841206880662e-09,1.0636722942782938e-25,-2.058641043952317e-27,1.842508773378411e-09,3.407112935688723e-26,1.9840873416352646e-26,7.390332433502251e-09,7.229610007094215e-26
1.352063412832147e-09,F4_far_field_reference,True,1.0,F4-C-stage5-highfield-collision,0.6323530445501709,-5.447933893245096e-17,-3.558874210091439,0.06714386999550835,-1.1773879123470575e-17,-0.1698055417526752,0.565012502564912,5.0749007060709227e-17,-0.6672375907014229,0.000196671989750586,-9.345446686968961e-17,-2.721831077637341,1.6327664586078304e-26,1.130922451775357e-08,2.1446179615845953e-25,7.49217052227187e-27,2.230453502546202e-09,7.118515663730746e-26,8.835494063806432e-27,9.078771015207368e-09,1.4327663952115207e-25
1.3838210499745694e-09,F4_far_field_reference,True,1.0,F4-C-stage5-highfield-collision,0.9150687697366661,-2.4627060127699743e-16,-4.393152460541125,0.09909533985868157,-3.925483218397794e-17,-0.20462627025270425,0.8157612029753031,4.733700678900756e-17,-0.8096289591069876,0.00021222690268141842,-2.5435277588202703e-16,-3.378897231181433,-6.643909732120572e-27,1.3978497640886607e-08,-6.483352320343107e-26,1.7863976468161224e-28,2.7080517673320673e-09,-3.101362994792383e-25,-6.822549496802184e-27,1.127044587355454e-08,2.453027762758072e-25
1.415578687116992e-09,F4_far_field_reference,True,1.0,F4-C-stage5-highfield-collision,1.3097495634278247,-1.3741132252062123e-18,-5.504143698451455,0.14493730848622646,4.061480279832522e-17,-0.24691295902998414,1.1646324649131636,2.0071746101133466e-17,-0.9872375065272667,0.00017979002843459418,-6.20606621246649e-17,-4.269993232894204,1.9059917343787638e-27,1.754669111062463e-08,1.7876117677391598e-25,9.95822645119972e-27,3.30394364147245e-09,-5.612772653467961e-26,-8.052234716820956e-27,1.4242747469152178e-08,2.348889033085956e-25
1.4473363242594146e-09,F4_far_field_reference,True,1.0,F4-C-stage5-highfield-collision,1.8538199193333151,-1.7684792872585862e-16,-7.071472441538728,0.20998770892945842,6.296337480581152e-18,-0.29857521336588727,1.6438260482844722,-4.7791323020933646e-17,-1.2138002888495452,6.162119384452029e-06,-1.3535294318550613e-16,-5.559096939323296,8.09286810650954e-27,2.260591366155281e-08,-7.388152691983272e-25,-2.8168431910977327e-27,4.063267691649553e-09,-1.9703179881128041e-25,1.0909711297607272e-26,1.8542645969903257e-08,-5.417834703870467e-25
1.479093961401837e-09,F4_far_field_reference,True,1.0,F4-C-stage5-highfield-collision,2.588700055931324,1.9166626353526153e-16,-9.499285608032599,0.30134638958230375,-1.4394679926125826e-17,-0.36236883189965596,2.2879785606346577,7.62920867901711e-17,-1.514949287257298,-0.0006248942856376026,1.2976885667121627e-16,-7.6219674888756455,-4.669693227263641e-26,3.04906200804407e-08,6.194753255912188e-25,7.143590285918895e-27,5.067069167863972e-09,-8.016824702597515e-26,-5.384052255855531e-26,2.5423550912576723e-08,6.99643572617194e-25
1.5108515985442594e-09,F4_far_field_reference,True,1.0,F4-C-stage5-highfield-collision,3.549866810091406,-4.969743475326587e-16,-13.411959217051248,0.4283625778636518,-4.699902700170616e-17,-0.4430269134063549,3.1236433259814635,-5.4002654062063556e-17,-1.9440392629156689,-0.002139093753709264,-3.9597266646888895e-16,-11.024893040729225,1.6330757614521179e-25,4.326640605655964e-08,2.552400425150292e-24,4.6381972715053705e-26,6.491982215826586e-09,2.4459895794075096e-25,1.1692560343015809e-25,3.6774423840733055e-08,2.3078014672095412e-24
1.5426092356866822e-09,F4_far_field_reference,True,1.0,F4-C-stage5-highfield-collision,4.733626128942866,1.0527723202470002e-15,-17.783349330554366,0.5989311299230083,-1.592712914271093e-16,-0.547332951156977,4.137495253982887,2.1714796813550956e-16,-2.546385975424087,-0.002800254963028763,9.948956435386e-16,-14.6896304039733,-2.404257845931997e-26,5.7567338018372135e-08,-6.107952067325926e-25,-1.292511711568586e-26,8.568801394283059e-09,-3.3248578478640577e-25,-1.1117461343634111e-26,4.8998536624089076e-08,-2.783094219461868e-25
1.5743668728291047e-09,F4_far_field_reference,True,1.0,F4-C-stage5-highfield-collision,6.163018419357554,4.656077697169063e-16,-18.736362363135854,0.8176890894700882,-4.096167961472007e-17,-0.6824287111047889,5.344182476074816,6.362506866932939e-16,-3.271489583915183,0.001146853812650298,-1.2968123736166742e-16,-14.78244406811588,2.0587372958375323e-26,6.047490725620027e-08,1.5614700421996118e-24,1.031321092039332e-26,1.1167181093730403e-08,-2.547728030844355e-26,1.0274162037982004e-26,4.930772616246986e-08,1.5869473225080553e-24
1.606124509971527e-09,F4_far_field_reference,True,1.0,F4-C-stage5-highfield-collision,9.338235303738747,5.687303985520005e-16,-18.345325290356826,1.1290969024467663,1.638645817546477e-17,-0.8542187684455574,8.203846174106546,5.007145502175507e-16,-3.884561742090962,0.005292227185434572,5.162939015898506e-17,-13.606544779820307,-3.561553635461458e-26,5.869400419021469e-08,-1.1047828578264724e-24,-2.802636373157078e-26,1.3309230881713853e-08,-1.5861133298122878e-25,-7.589172623043802e-27,4.538477330850084e-08,-9.461715248452437e-25
1.6378821471139497e-09,F4_far_field_reference,True,1.0,F4-C-stage5-highfield-collision,14.983867386539101,-1.7480307464512138e-15,-21.40526102267681,1.6243290930906293,3.0737289941863875e-17,-1.053865260597206,13.354804498901176,2.2848296321827637e-16,-4.521065503422312,0.004733794547296123,-2.007250999611354e-15,-15.830330258657295,1.268476481915321e-27,6.837830179297471e-08,-2.7612328005070736e-24,9.092855286937525e-27,1.5576376411039752e-08,-2.727870206490545e-25,-7.824378805022204e-27,5.2801925381934956e-08,-2.488445779858019e-24
1.6696397842563723e-09,F4_far_field_reference,True,1.0,F4-C-stage5-highfield-collision,23.072407296596218,2.0928853846469903e-15,-25.96604848371319,2.4044834603429286,-7.176059792698146e-17,-1.2850729915650865,20.66417408988645,1.1088078361507918e-15,-5.268368277544614,0.0037497463668404157,1.0558381464231802e-15,-19.41260721460349,5.685772658985028e-27,8.30915343620172e-08,1.1206126896307497e-23,-4.015192135699231e-26,1.8341112258877275e-08,3.375868604013709e-26,4.583769401597734e-26,6.475042210313992e-08,1.117236821026736e-23
1.7013974213987947e-09,F4_far_field_reference,True,1.0,F4-C-stage5-highfield-collision,34.36451077280828,-6.6983950899185235e-15,-31.205275221761084,3.588509267922513,3.999987961280672e-17,-1.555000969713305,30.77320942936621,-8.854785306940224e-16,-6.15794627226658,0.002792075519558539,-5.852916438837308e-15,-23.492327979781198,5.372767436264698e-26,1.0009202636402134e-07,-1.3238799186495652e-23,-1.1730305081082775e-26,2.173403104217994e-08,-2.6392285705248153e-24,6.545797944372976e-26,7.83579953218414e-08,-1.0599570615970835e-23
1.7331550585412171e-09,F4_far_field_reference,True,1.0,F4-C-stage5-highfield-collision,49.87158073713841,-5.580638243695253e-16,-36.862690922101834,5.323052102761619,1.6993513894711762e-16,-1.8702242684728,44.54692248822025,-1.742296691148253e-16,-7.186042594276343,0.0016061461565402364,-5.537692942018177e-16,-27.80642405935269,-6.354289222136384e-26,1.1853128132480135e-07,7.976226841063468e-24,-7.968547863646548e-27,2.5784265338880862e-08,-1.8664347706142455e-25,-5.55743443577173e-26,9.27470159859205e-08,8.162870318124893e-24
