frequency_Hz,Z_real_ohm,Z_imag_ohm,S11_real,S11_imag,P_inc,P_ref,P_acc
1.000000000000000000e+08,1.000021730894762015e+02,2.348225985251575776e-01,3.333446251206028665e-01,1.043623197089115244e-03,7.005525668654452960e-29,7.784521085224705636e-30,6.227073560131982396e-29
1.050000000000000000e+08,1.000023361956313153e+02,2.465475348795007626e-01,3.333455172316937554e-01,1.095729730025882557e-03,7.109764881853971588e-29,7.900401627372374414e-30,6.319724719116734146e-29
1.100000000000000000e+08,1.000025077743000708e+02,2.582704852268210005e-01,3.333464551098236361e-01,1.147827040172089965e-03,7.219820539342496376e-29,8.022749534700399216e-30,6.417545585872456315e-29
1.150000000000000000e+08,1.000026878853809365e+02,2.699914349221873011e-01,3.333474390163786993e-01,1.199915042002744998e-03,7.335794413635656065e-29,8.151678159501805841e-30,6.520626597685474781e-29
1.200000000000000000e+08,1.000028765888327769e+02,2.817103771949810431e-01,3.333484692130800342e-01,1.251993684830256595e-03,7.457792365385292484e-29,8.287305413628413740e-30,6.629061824022450830e-29
1.250000000000000000e+08,1.000030739444357692e+02,2.934273129222221832e-01,3.333495459609441269e-01,1.304062951800086809e-03,7.585924253028728679e-29,8.429753668684838275e-30,6.742948886160244011e-29
1.300000000000000000e+08,1.000032800115639020e+02,3.051422503650462748e-01,3.333506695192928193e-01,1.356122858723899033e-03,7.720303837950065938e-29,8.579149651253569890e-30,6.862388872824706566e-29
1.350000000000000000e+08,1.000034948489687565e+02,3.168552048716190006e-01,3.333518401448125057e-01,1.408173452764453293e-03,7.861048685105699653e-29,8.735624333096859326e-30,6.987486251796014000e-29
1.400000000000000000e+08,1.000037185145765051e+02,3.285661985507184468e-01,3.333530580906692298e-01,1.460214810990359763e-03,8.008280059066960300e-29,8.899312816281848423e-30,7.118348777438775318e-29
1.450000000000000000e+08,1.000039510652977413e+02,3.402752599204201811e-01,3.333543236056806802e-01,1.512247038820711820e-03,8.162122815433825027e-29,9.070354213176596833e-30,7.255087394116165343e-29
1.500000000000000000e+08,1.000041925568520043e+02,3.519824235354219732e-01,3.333556369335488601e-01,1.564270268375506047e-03,8.322705287575344816e-29,9.248891521266462585e-30,7.397816135448698137e-29
1.550000000000000000e+08,1.000044430436051925e+02,3.636877295979841773e-01,3.333569983121519309e-01,1.616284656753536270e-03,8.490159168653915359e-29,9.435071492741669153e-30,7.546652019379749285e-29
1.600000000000000000e+08,1.000047025784224530e+02,3.753912235553671928e-01,3.333584079728983962e-01,1.668290384250560414e-03,8.664619388892895212e-29,9.629044498809856818e-30,7.701714939011910091e-29
1.650000000000000000e+08,1.000049712125341443e+02,3.870929556884644684e-01,3.333598661401418473e-01,1.720287652538828125e-03,8.846223988049446967e-29,9.830964388689656784e-30,7.863127549180481989e-29
1.700000000000000000e+08,1.000052489954169488e+02,3.987929806944979783e-01,3.333613730306578260e-01,1.772276682820039589e-03,9.035113983057389598e-29,1.004098834324467421e-29,8.031015148732922737e-29
1.750000000000000000e+08,1.000055359746879873e+02,4.104913572673840605e-01,3.333629288531796964e-01,1.824257713968553468e-03,9.231433230807977859e-29,1.025927672322063508e-29,8.205505558485914631e-29
1.800000000000000000e+08,1.000058321960129746e+02,4.221881476793586940e-01,3.333645338079922471e-01,1.876231000680058780e-03,9.435328286040229635e-29,1.048599291205250706e-29,8.386728994834979349e-29
1.850000000000000000e+08,1.000061377030277470e+02,4.338834173655094495e-01,3.333661880865850802e-01,1.928196811633204949e-03,9.646948254316251617e-29,1.072130315321273058e-29,8.574817938994977578e-29
1.900000000000000000e+08,1.000064525372716417e+02,4.455772345154446756e-01,3.333678918713571249e-01,1.980155427683098074e-03,9.866444640061337521e-29,1.096537638207610582e-29,8.769907001853727220e-29
1.950000000000000000e+08,1.000067767381333823e+02,4.572696696728551502e-01,3.333696453353733880e-01,2.032107140089612664e-03,1.009397118965337525e-28,1.121838405228243377e-29,8.972132784425130748e-29
2.000000000000000000e+08,1.000071103428094261e+02,4.689607953463071355e-01,3.333714486421789358e-01,2.084052248796004498e-03,1.032968372955109582e-28,1.148049995658386646e-29,9.181633733892708892e-29
2.050000000000000000e+08,1.000074533862708819e+02,4.806506856320441612e-01,3.333733019456463498e-01,2.135991060760052650e-03,1.057373999945604100e-28,1.175190004216820275e-29,9.398549995239221282e-29
2.100000000000000000e+08,1.000078059012432448e+02,4.923394158514396435e-01,3.333752053898809686e-01,2.187923888350854721e-03,1.082629948050904209e-28,1.203276222045854155e-29,9.623023258463186812e-29
2.150000000000000000e+08,1.000081679181940615e+02,5.040270622031892689e-01,3.333771591091604924e-01,2.239851047810887362e-03,1.108752321852814811e-28,1.232326617139377548e-29,9.855196601388769861e-29
2.200000000000000000e+08,1.000085394653298039e+02,5.157137014322152879e-01,3.333791632279137773e-01,2.291772857791382276e-03,1.135757364230116875e-28,1.262359314220305195e-29,1.009521432808086607e-28
2.250000000000000000e+08,1.000089205686012406e+02,5.273994105161033952e-01,3.333812178607362675e-01,2.343689637966737092e-03,1.163661437695340207e-28,1.293392574069483331e-29,1.034322180288391622e-28
2.300000000000000000e+08,1.000093112517163263e+02,5.390842663687825942e-01,3.333833231124394003e-01,2.395601707724108291e-03,1.192481005241760665e-28,1.325444772308854689e-29,1.059936528010875224e-28
2.350000000000000000e+08,1.000097115361596281e+02,5.507683455633869407e-01,3.333854790781276556e-01,2.447509384938478284e-03,1.222232610704157335e-28,1.358534377642571120e-29,1.086379172939900251e-28
2.400000000000000000e+08,1.000101214412184589e+02,5.624517240729363099e-01,3.333876858433049151e-01,2.499412984827104750e-03,1.252932858637585821e-28,1.392679929560583548e-29,1.113664865681527467e-28
2.450000000000000000e+08,1.000105409840142840e+02,5.741344770300786937e-01,3.333899434840034703e-01,2.551312818887833869e-03,1.284598393719290338e-28,1.427900015510147257e-29,1.141808392168275696e-28
2.500000000000000000e+08,1.000109701795396546e+02,5.858166785059729653e-01,3.333922520669386214e-01,2.603209193921608797e-03,1.317245879679713600e-28,1.464213247541672949e-29,1.170824554925546278e-28
2.550000000000000000e+08,1.000114090406992347e+02,5.974984013064562616e-01,3.333946116496797618e-01,2.655102411134114496e-03,1.350891977769428952e-28,1.501638238436231886e-29,1.200728153925805679e-28
2.600000000000000000e+08,1.000118575783551336e+02,6.091797167878877373e-01,3.333970222808412265e-01,2.706992765320681473e-03,1.385553324769756573e-28,1.540193577323126283e-29,1.231533967037443776e-28
2.650000000000000000e+08,1.000123158013756210e+02,6.208606946896160217e-01,3.333994840002874605e-01,2.758880544128187399e-03,1.421246510555745766e-28,1.579897804796936350e-29,1.263256730076052131e-28
2.700000000000000000e+08,1.000127837166868403e+02,6.325414029840807917e-01,3.334019968393521771e-01,2.810766027393720237e-03,1.457988055221173905e-28,1.620769387544504108e-29,1.295911116466723130e-28
2.750000000000000000e+08,1.000132613293274346e+02,6.442219077444891751e-01,3.334045608210702838e-01,2.862649486560187636e-03,1.495794385776202701e-28,1.662826692493481129e-29,1.329511716526854616e-28
2.800000000000000000e+08,1.000137486425051208e+02,6.559022730274552959e-01,3.334071759604180230e-01,2.914531184160217177e-03,1.534681812429338502e-28,1.706087960495087454e-29,1.364073016379829869e-28
2.850000000000000000e+08,1.000142456576554935e+02,6.675825607718566257e-01,3.334098422645636606e-01,2.966411373369710544e-03,1.574666504466392608e-28,1.750571279554988769e-29,1.399609376510893844e-28
2.900000000000000000e+08,1.000147523745016969e+02,6.792628307124571885e-01,3.334125597331229485e-01,3.018290297628204062e-03,1.615764465740157056e-28,1.796294557627245340e-29,1.436135009977432662e-28
2.950000000000000000e+08,1.000152687911162559e+02,6.909431403074890454e-01,3.334153283584219696e-01,3.070168190320470610e-03,1.657991509785624982e-28,1.843275494987624230e-29,1.473663960286862644e-28
3.000000000000000000e+08,1.000157949039833198e+02,7.026235446797406414e-01,3.334181481257654789e-01,3.122045274518119116e-03,1.701363234576633285e-28,1.891531556203631827e-29,1.512210078956270327e-28
3.050000000000000000e+08,1.000163307080616732e+02,7.143040965699802847e-01,3.334210190137059104e-01,3.173921762774893716e-03,1.745894996940918042e-28,1.941079941719907882e-29,1.551787002768927198e-28
3.100000000000000000e+08,1.000168761968484574e+02,7.259848463024376475e-01,3.334239409943174359e-01,3.225797856976693467e-03,1.791601886651690158e-28,1.991937559078897426e-29,1.592408130743800331e-28
3.150000000000000000e+08,1.000174313624431761e+02,7.376658417614322394e-01,3.334269140334725212e-01,3.277673748239606170e-03,1.838498700214944272e-28,2.044120993797881711e-29,1.634086600835156129e-28
3.200000000000000000e+08,1.000179961956116159e+02,7.493471283779664649e-01,3.334299380911143196e-01,3.329549616852959561e-03,1.886599914372841283e-28,2.097646479924720832e-29,1.676835266380369116e-28
3.250000000000000000e+08,1.000185706858500652e+02,7.610287491262472948e-01,3.334330131215369475e-01,3.381425632265484729e-03,1.935919659344651207e-28,2.152529870296030907e-29,1.720666672315048368e-28
3.300000000000000000e+08,1.000191548214491917e+02,7.727107445289451704e-01,3.334361390736594322e-01,3.433301953110576288e-03,1.986471691827844862e-28,2.208786606522572727e-29,1.765593031175587421e-28
3.350000000000000000e+08,1.000197485895578211e+02,7.843931526705548718e-01,3.334393158913023236e-01,3.485178727266962598e-03,2.038269367783074166e-28,2.266431688728081373e-29,1.811626198910266309e-28
3.400000000000000000e+08,1.000203519762460047e+02,7.960760092182515013e-01,3.334425435134605875e-01,3.537056091952725610e-03,2.091325615027899402e-28,2.325479645068902214e-29,1.858777650521009265e-28
3.450000000000000000e+08,1.000209649665680018e+02,8.077593474494928483e-01,3.334458218745764979e-01,3.588934173849032613e-03,2.145652905665243542e-28,2.385944501063115332e-29,1.907058455558932065e-28
3.500000000000000000e+08,1.000215875446245235e+02,8.194431982859546881e-01,3.334491509048104763e-01,3.640813089251647428e-03,2.201263228373655659e-28,2.447839748759036663e-29,1.956479253497751741e-28
3.550000000000000000e+08,1.000222196936242653e+02,8.311275903327887127e-01,3.334525305303082665e-01,3.692692944245948381e-03,2.258168060587570853e-28,2.511178315774193492e-29,2.007050229010151560e-28
3.600000000000000000e+08,1.000228613959450570e+02,8.428125499229196516e-01,3.334559606734668336e-01,3.744573834904214079e-03,2.316378340596844841e-28,2.575972534237161363e-29,2.058781087173128425e-28
3.650000000000000000e+08,1.000235126331941302e+02,8.544981011657509784e-01,3.334594412531976526e-01,3.796455847502097809e-03,2.375904439595865119e-28,2.642234109665729361e-29,2.111681028629291511e-28
3.700000000000000000e+08,1.000241733862673499e+02,8.661842659998256755e-01,3.334629721851854467e-01,3.848339058752849474e-03,2.436756133713649312e-28,2.709974089816096626e-29,2.165758724732040154e-28
3.750000000000000000e+08,1.000248436354081178e+02,8.778710642487512761e-01,3.334665533821432604e-01,3.900223536055109561e-03,2.498942576057308542e-28,2.779202833538963816e-29,2.221022292703411936e-28
3.800000000000000000e+08,1.000255233602649554e+02,8.895585136798758175e-01,3.334701847540682551e-01,3.952109337753680583e-03,2.562472268802252736e-28,2.849929979679455226e-29,2.277479270834307157e-28
3.850000000000000000e+08,1.000262125399486592e+02,9.012466300660060270e-01,3.334738662084890670e-01,4.003996513413082131e-03,2.627353035363503985e-28,2.922164416058850391e-29,2.335136593757619170e-28
3.900000000000000000e+08,1.000269111530881929e+02,9.129354272482780308e-01,3.334775976507114437e-01,4.055885104095602323e-03,2.693591992683383591e-28,2.995914248577249431e-29,2.394000567825658536e-28
3.950000000000000000e+08,1.000276191778857395e+02,9.246249172015242879e-01,3.334813789840610498e-01,4.107775142651731715e-03,2.761195523671745140e-28,3.071186770477218437e-29,2.454076846624023296e-28
4.000000000000000000e+08,1.000283365921709020e+02,9.363151101003003296e-01,3.334852101101207222e-01,4.159666654011222146e-03,2.830169249835780609e-28,3.147988431809446612e-29,2.515370406654836228e-28
4.050000000000000000e+08,1.000290633734539369e+02,9.480060143862639732e-01,3.334890909289653371e-01,4.211559655482029034e-03,2.900518004137233227e-28,3.226324809142376193e-29,2.577885523222995496e-28
4.100000000000000000e+08,1.000297994989776527e+02,9.596976368359935172e-01,3.334930213393898502e-01,4.263454157049891176e-03,2.972245804115597859e-28,3.306200575558550376e-29,2.641625746559742934e-28
4.150000000000000000e+08,1.000305449457689377e+02,9.713899826290912642e-01,3.334970012391371696e-01,4.315350161679188182e-03,3.045355825316672618e-28,3.387619470981431695e-29,2.706593878218529057e-28
4.200000000000000000e+08,1.000312996906886553e+02,9.830830554164647905e-01,3.335010305251184248e-01,4.367247665614719040e-03,3.119850375066378317e-28,3.470584272876907997e-29,2.772791947778687966e-28
4.250000000000000000e+08,1.000320637104806991e+02,9.947768573885751309e-01,3.335051090936290152e-01,4.419146658682275054e-03,3.195730866630509862e-28,3.555096767374646495e-29,2.840221189893045157e-28
4.300000000000000000e+08,1.000328369818201821e+02,1.006471389342761480e+00,3.335092368405633279e-01,4.471047124587062584e-03,3.272997793801515530e-28,3.641157720855009607e-29,2.908882021716014850e-28
4.350000000000000000e+08,1.000336194813602191e+02,1.018166650750598423e+00,3.335134136616202394e-01,4.522949041209085690e-03,3.351650705953985250e-28,3.728766852047721088e-29,2.978774020749212973e-28
4.400000000000000000e+08,1.000344111857778415e+02,1.029862639824208115e+00,3.335176394525082300e-01,4.574852380896767164e-03,3.431688183610904321e-28,3.817922804689118300e-29,3.049895903141992603e-28
4.450000000000000000e+08,1.000352120718186484e+02,1.041559353581148928e+00,3.335219141091426143e-01,4.626757110752130128e-03,3.513107814563127214e-28,3.908623120785131448e-29,3.122245502484614518e-28
4.500000000000000000e+08,1.000360221163405470e+02,1.053256787909045089e+00,3.335262375278397196e-01,4.678663192914915385e-03,3.595906170584834596e-28,4.000864214527577302e-29,3.195819749132076698e-28
4.550000000000000000e+08,1.000368412963559592e+02,1.064954937628256326e+00,3.335306096055056235e-01,4.730570584839076387e-03,3.680078784787898146e-28,4.094641346911493399e-29,3.270614650096749031e-28
4.600000000000000000e+08,1.000376695890731042e+02,1.076653796553475928e+00,3.335350302398180644e-01,4.782479239563220894e-03,3.765620129658357115e-28,4.189948601101581171e-29,3.346625269548199390e-28
4.650000000000000000e+08,1.000385069719362718e+02,1.088353357553849987e+00,3.335394993294079069e-01,4.834389105974839715e-03,3.852523595818163916e-28,4.286778858595919528e-29,3.423845709958572131e-28
4.700000000000000000e+08,1.000393534226643908e+02,1.100053612611278986e+00,3.335440167740292838e-01,4.886300129065901734e-03,3.940781471555447981e-28,4.385123776234904110e-29,3.502269093931957626e-28
4.750000000000000000e+08,1.000402089192886592e+02,1.111754552877637581e+00,3.335485824747287387e-01,4.938212250184567491e-03,4.030384923166463260e-28,4.484973764103687515e-29,3.581887546756094620e-28
4.800000000000000000e+08,1.000410734401889243e+02,1.123456168729411564e+00,3.335531963340067629e-01,4.990125407274004221e-03,4.121323976152160964e-28,4.586317964375905339e-29,3.662692179714570934e-28
4.850000000000000000e+08,1.000419469641288117e+02,1.135158449821324300e+00,3.335578582559753924e-01,5.042039535108239733e-03,4.213587497312225600e-28,4.689144231146466689e-29,3.744673074197579100e-28
4.900000000000000000e+08,1.000428294702893197e+02,1.146861385137789124e+00,3.335625681465074210e-01,5.093954565516350258e-03,4.307163177778949104e-28,4.793439111300618376e-29,3.827819266648887099e-28
4.950000000000000000e+08,1.000437209383012629e+02,1.158564963042544083e+00,3.335673259133830060e-01,5.145870427600203814e-03,4.402037517033015204e-28,4.899187826466351816e-29,3.912118734386379911e-28
5.000000000000000000e+08,1.000446213482764648e+02,1.170269171326356883e+00,3.335721314664287229e-01,5.197787047942934932e-03,4.498195807942754524e-28,5.006374256096438673e-29,3.997558382333110993e-28
