G_length_S_m,Rsp_ohm,Ez_V_m,PJ_volume_W,PJ_circuit_W,joule_closure_relative,time_s,accepted_steps,rejected_steps,T_axis_K,T_max_K,T_min_K,p_axis_Pa,p_min_Pa,rho_axis_kg_m3,rho_min_kg_m3,sigma_axis_S_m,sigma_max_S_m,channel_radius_m,outward_velocity_max_m_s,internal_energy_J,kinetic_energy_J,total_energy_J,cumulative_Joule_J,conduction_boundary_loss_J,hydro_boundary_loss_J,radiation_loss_J,energy_residual_J,mass_residual_kg
4.147894813072713e-06,241.08615214839827,12054.307607419913,0.6027153803709956,0.6027153803709958,3.6840706601572674e-16,0.0,0,0,9989.22820765951,9989.22820765951,300.0,202537.4791898041,101325.0,0.034624871235957644,0.034624871235957644,2888.438135008073,2888.438135008073,7.594249198798159e-05,0.0,0.00020825416216199174,0.0,0.00020825416216199174,0.0,0.0,0.0,0.0,0.0,-1.0339757656912846e-25
4.088443719189813e-06,244.59184684537254,12235.65963955108,0.6120864973458608,0.6120864973458606,3.6276671007752114e-16,1.0028330041064406e-10,1,0,9965.540496631073,9965.540496631073,300.0,202050.4251938882,101325.0,0.034642221275003826,0.034642221275003826,2863.8700770088954,2863.8700770088954,7.598503394300001e-05,3.568912978196196,0.00020825422074798971,1.8562894995773928e-12,0.00020825422260427922,6.044228755186016e-11,0.0,0.0,0.0,-6.498301165413322e-20,-1.0339757656912846e-25
4.030255088089993e-06,248.12325228622618,12430.759687171654,0.6227702763703853,0.6227702763703854,1.7827167845834445e-16,2.0057441784916053e-10,2,0,9941.881145453981,9941.881145453981,300.0,201551.3364736754,101325.0,0.03465744043474969,0.03465744043474969,2839.326865106912,2839.326865106912,7.602756037747627e-05,7.203855938995327,0.00020825427665708822,7.334029828661802e-12,0.00020825428399111806,1.2182912633970406e-10,0.0,-7.030639013388662e-27,0.0,-1.6921589122848015e-20,-2.3070507822673598e-32
3.973283924086035e-06,251.68098205567517,12640.097177720942,0.6348197442541971,0.6348197442541972,1.7488791655802634e-16,3.008722664085922e-10,3,0,9918.229371396088,9918.229371396088,300.0,201039.75826924143,101325.0,0.034670529534374876,0.034670529534374876,2814.7871087323224,2814.7871087323224,7.60701075826758e-05,10.856969274955519,0.00020825433013435952,1.6319277423960645e-11,0.00020825434645363694,1.8429164520641639e-10,0.0,-2.10934088456265e-26,0.0,-2.4744284982846587e-21,-6.92164187143108e-32
3.917490930131276e-06,255.2654282639245,12864.10382868634,0.648286642028641,0.6482866420286411,1.712549592493543e-16,4.011756489138357e-10,4,0,9894.560044723365,9894.560044723365,300.0,200515.11595561085,101325.0,0.034681487465453666,0.034681487465453666,2790.224892042312,2790.224892042312,7.611271949085347e-05,14.489740311906676,0.0002082543814069517,2.8721252817439518e-11,0.0002082544101282045,2.47966212836226e-10,0.0,-4.2189473478842287e-26,0.0,-6.054480334225636e-20,-1.0339771501068066e-25
3.862841210056192e-06,258.8768074122967,13103.152797148627,0.6632213018294062,0.6632213018294062,0.0,5.01483262246681e-10,5,0,9870.845171443734,9870.845171443734,300.0,199976.74139282643,101325.0,0.034690309389795816,0.034690309389795816,2765.6113068839472,2765.6113068839472,7.615544505461228e-05,18.21384289096872,0.00020825443069092157,4.44653688131343e-11,0.00020825447515629037,3.129942986536836e-10,0.0,-7.031963150679056e-26,0.0,-1.597665026078696e-20,-1.0339780731765725e-25
3.809303367916268e-06,262.5151906835426,13357.55712342049,0.6796724099693298,0.6796724099693296,1.6334678417728554e-16,6.017937026254921e-10,6,0,9847.054953685474,9847.054953685474,300.0,199423.89148008917,101325.0,0.034696985370905514,0.034696985370905514,2740.9155517572945,2740.9155517572945,7.619833637184641e-05,22.09035694260232,0.00020825447819626796,6.34880432750602e-11,0.00020825454168431123,3.795223195087998e-10,0.0,-1.0548428079785275e-25,0.0,-1.2980999138287177e-20,-3.461386540656726e-31
3.7568488589888514e-06,266.1805245657788,13627.56780592919,0.697686671886112,0.6976866718861121,1.591291720714403e-16,7.021054698844586e-10,7,0,9823.158685369248,9823.158685369248,300.0,198855.765185376,101325.0,0.034701499428215266,0.034701499428215266,2716.105862365876,2716.105862365876,7.624144710187193e-05,25.979567088495468,0.00020825452413065023,8.573280154387821e-11,0.0002082546098634518,4.477014601099841e-10,0.0,-1.476833849657007e-25,0.0,-5.827398786198007e-20,-1.033980611809371e-25
3.7054515062335867e-06,269.8726452951079,13913.371715863266,0.7173083892667247,0.7173083892667246,1.547762498302986e-16,8.024169706413625e-10,8,0,9799.125592305025,9799.125592305025,300.0,198271.521731447,101325.0,0.03470382901734069,0.03470382901734069,2691.1503863630655,2691.1503863630655,7.628483098042201e-05,29.857530351927014,0.00020825456870211752,1.111473314337157e-10,0.00020825467984944896,5.176874572249696e-10,0.0,-1.9691644110569099e-25,0.0,-5.338510397128639e-21,-1.0339822273547071e-25
3.655087131388517e-06,273.59128908648313,14215.089480099015,0.7385789569614079,0.7385789569614079,0.0,9.027265205334145e-10,9,0,9774.925645883106,9774.925645883106,300.0,197670.30060534552,101325.0,0.03470394493351519,0.03470394493351519,2666.0180324480993,2666.0180324480993,7.632854038220805e-05,33.70268411247142,0.00020825461212107467,1.396812559491959e-10,0.00020825475180233062,5.896403388861075e-10,0.0,-2.5318244835571786e-25,0.0,1.767224991424326e-21,-1.0339840736809912e-25
3.605733262903538e-06,277.336099785358,14532.773442458243,0.7615362878950027,0.7615362878950028,1.4578727793707304e-16,1.0030323458453846e-09,10,0,9750.530341217545,9750.530341217545,300.0,197051.24302804517,101325.0,0.03470181162099455,0.03470181162099455,2640.6792843965345,2640.6792843965345,7.637262494728485e-05,37.49582269219467,0.00020825465460164595,1.712844565131263e-10,0.00020825482588610246,6.637241107221755e-10,0.0,-3.1647987703227897e-25,0.0,-2.3006023658104332e-21,-1.0339861507380277e-25
3.557368905861499e-06,281.1066342746443,14866.405745401145,0.7862141722737392,0.7862141722737392,0.0,1.1033325846609347e-09,11,0,9725.913416753678,9725.913416753678,300.0,196413.51408971637,101325.0,0.034697387855512594,0.034697387855512594,2615.1069562652483,2615.1069562652483,7.641713031180099e-05,41.22000954441885,0.00020825469636254887,2.0590582508213221e-10,0.00020825490226837395,7.401063822647518e-10,0.0,-3.8680663813891333e-25,0.0,-5.187546795925273e-20,-1.269276598336504e-30
3.5099743499687485e-06,284.90236688165646,15215.896621021886,0.8126415814502381,0.8126415814502381,0.0,1.2036252879257247e-09,12,0,9701.05149158928,9701.05149158928,300.0,195756.32466332513,101325.0,0.034690627753382886,0.034690627753382886,2589.2768641753933,2589.2768641753933,7.646209698502006e-05,44.86045062651856,0.00020825473762756358,2.434923550429419e-10,0.00020825498111991863,8.189579269471745e-10,0.0,-4.641600533164435e-25,0.0,-5.585045834871491e-20,-1.5231059538993897e-30
3.4635310117094307e-06,288.72269271423346,15581.08291136386,0.8408419248537536,0.8408419248537539,2.640741361268958e-16,1.3039084205748743e-09,13,0,9675.924602158335,9675.924602158335,300.0,195078.95229226604,101325.0,0.034681482051129205,0.034681482051129205,2563.1683956139464,2563.1683956139464,7.650755940490817e-05,48.404346385908944,0.00020825477862565942,2.839885027422073e-10,0.00020825506261416216,9.004521704559634e-10,0.0,-5.485368253239855e-25,0.0,-2.805138048184075e-20,-1.033993765510498e-25
3.418021298764963e-06,292.5669305692539,15961.726874657783,0.8708322718683476,0.8708322718683478,2.5497976142827186e-16,1.404179862893626e-09,14,0,9650.516627402127,9650.516627402127,300.0,194380.76040678026,101325.0,0.03466989959391096,0.03466989959391096,2536.7649648820734,2536.7649648820734,7.655354519136991e-05,51.840734141118794,0.00020825481959082753,3.273357672060674e-10,0.00020825514692659474,9.84764603023125e-10,0.0,-6.399330092402029e-25,0.0,-1.7118522324334732e-20,-1.033996764606842e-25
3.373428494196698e-06,296.43432541116493,16357.51529950712,0.9026225502140577,0.9026225502140577,0.0,1.5044374123358986e-09,15,0,9624.815598562029,9624.815598562029,300.0,193661.21539280776,101325.0,0.03465582896902241,0.03465582896902241,2510.054350525703,2510.054350525703,7.660007460383552e-05,55.16032874029868,0.0002082548607616573,3.734724469998572e-10,0.0002082552342341043,1.0720721125758922e-09,0.0,-7.383439847238569e-25,0.0,-1.347840565461748e-20,1.033951537494327e-25
3.329736654137028e-06,300.32405077967684,16768.05896687545,0.9362147346729884,0.9362147346729882,2.3717273046614626e-16,1.6046787857620781e-09,16,0,9598.813895667483,9598.813895667483,300.0,192919.90119765038,101325.0,0.03463922022192283,0.03463922022192283,2483.0289166781085,2483.0289166781085,7.664716019939436e-05,58.35536665672321,0.00020825490238068697,4.223335414540646e-10,0.00020825532471422842,1.16255223669479e-09,0.0,-8.437644295217593e-25,0.0,-6.907388288941026e-21,-1.034003453180053e-25
3.2869305167812117e-06,304.2352112083187,17192.892484178945,0.9716020404033182,0.9716020404033183,1.1426725948046546e-16,1.704901622277088e-09,17,0,9572.50833701468,9572.50833701468,300.0,192156.53128792116,101325.0,0.03462002659572858,0.03462002659572858,2455.6857245560986,2455.6857245560986,7.669480668024198e-05,61.41945678593624,0.0002082549446935549,4.73850769820316e-10,0.00020825541854432473,1.2563823329908644e-09,0.0,-9.561882946369054e-25,0.0,4.736513974949691e-21,-1.034007142283781e-25
3.244995420108838e-06,308.1668447983387,17631.47451711376,1.0087681361408667,1.0087681361408667,0.0,1.805103486545692e-09,18,0,9545.90017081045,9545.90017081045,300.0,191370.95788279804,101325.0,0.03459820624036212,0.03459820624036212,2428.026543262116,2428.026543262116,7.674301091411231e-05,64.34743989045288,0.00020825498794797397,5.279526865240446e-10,0.0002082555159006605,1.3537386687664564e-09,0.0,-1.0756087813084764e-24,0.0,4.385256384434259e-21,-3.529528504600784e-30
3.2039172272078304e-06,312.1179259900813,18083.188437467117,1.0476863929799924,1.0476863929799922,2.1193804406818488e-16,1.905281872564782e-09,19,0,9518.9949797135,9518.9949797135,300.0,190563.17846591808,101325.0,0.034573723843915605,0.034573723843915605,2400.0577705833452,2400.0577705833452,7.679176210862987e-05,67.51478893357319,0.0002082550323925499,5.84564874354403e-10,0.00020825561695742424,1.4547954325125341e-09,0.0,-1.2020183200158583e-24,0.0,-8.691768328955263e-21,1.033936322373256e-25
3.16368225592479e-06,316.0873688017337,18547.34341631827,1.0883191856319372,1.088319185631937,2.0402526010427738e-16,2.0054342079360625e-09,20,0,9491.802509667936,9491.802509667936,300.0,189733.33964003812,101325.0,0.034546552145777586,0.034546552145777586,2371.790275086111,2371.790275086111,7.684104211935637e-05,70.79111316204677,0.0002082550782754629,6.436102003149158e-10,0.00020825572188566322,1.5597236715061934e-09,0.0,-1.335408551791922e-24,0.0,-2.6096815783068432e-20,-4.382041715114526e-30
3.1242772163292174e-06,320.0740301703836,19023.17595213403,1.130617260991814,1.1306172609918144,3.927847426108576e-16,2.1055578582797848e-09,21,0,9464.336434625726,9464.336434625726,300.0,188881.7384397381,101325.0,0.03451667329855572,0.03451667329855572,2343.2391709393314,2343.2391709393314,7.689082587094907e-05,73.95852385272264,0.00020825512584303195,7.050091208810514e-10,0.00020825583085215283,1.6686901611107702e-09,0.0,-1.4757703115900727e-24,0.0,-1.7757321209068604e-20,-1.0340241919729543e-25
3.0856891497806318e-06,324.07671397201244,19509.851875881668,1.174519191933412,1.1745191919334117,1.8905149141029948e-16,2.2056501319777484e-09,22,0,9436.614067915572,9436.614067915572,300.0,188008.82123945397,101325.0,0.03448408005293931,0.03448408005293931,2314.4235359627,2314.4235359627,7.694108187234371e-05,77.00998416880385,0.00020825517533817965,7.686800254704229e-10,0.00020825594401820512,1.7818562134456049e-09,0.0,-1.6230936140537719e-24,0.0,-5.856228814961193e-20,-5.32605839222442e-30
3.0479053733510295e-06,328.0941753452624,20006.468816290395,1.2199509304790213,1.2199509304790215,1.8201109518220056e-16,2.3057082849227794e-09,23,0,9408.656031425427,9408.656031425427,300.0,187115.18044775267,101325.0,0.034448776746996035,0.034448776746996035,2285.366083784439,2285.366083784439,7.699177280616079e-05,79.93930018922435,0.000208255226998818,8.345396081255529e-10,0.00020825606153842614,1.8993764343889522e-09,0.0,-1.7773676413542754e-24,0.0,1.0407463460725946e-20,-5.832296893005611e-30
3.010913427769226e-06,332.1251254775851,20512.05913606557,1.266825475478358,1.2668254754783583,1.7527639696477241e-16,2.4057295251842077e-09,24,0,9380.485892059756,9380.485892059756,300.0,186201.54917418837,101325.0,0.03441078008801555,0.03441078008801555,2256.09279919405,2256.09279919405,7.704285617554181e-05,82.74107704015736,0.0002082552810561725,9.025032587218257e-10,0.00020825618355943122,2.0213974395135473e-09,0.0,-1.938580732955557e-24,0.0,-2.484051801447527e-20,-1.0340393787453461e-25
2.97470102902242e-06,336.16823682231734,21025.593335661255,1.3150426682050371,1.3150426682050371,0.0,2.5057110176401278e-09,25,0,9352.129774836932,9352.129774836932,300.0,185268.79408732336,101325.0,0.034370119721152156,0.034370119721152156,2226.6325456969,2226.6325456969,7.709428499181901e-05,85.41067293485563,0.00020825533773306685,9.724854661223592e-10,0.00020825631021853297,2.148056541233054e-09,0.0,-2.106720377351901e-24,0.0,8.718095967849218e-22,-1.0340448961200454e-25
2.939256023665591e-06,340.22214871669627,21545.983916799945,1.3644891277480198,1.3644891277480198,0.0,2.605649888419231e-09,26,0,9323.615961210438,9323.615961210438,300.0,184317.90669444084,101325.0,0.034326838584856564,0.034326838584856564,2197.0166535128874,2197.0166535128874,7.714600848779988e-05,87.94415229899151,0.00020825539724218583,1.0444002264357873e-09,0.00020825644164241226,2.2794804205198047e-09,0.0,-2.2817732054873464e-24,0.0,7.551117990322485e-21,-7.487465433300683e-30
2.904566347881874e-06,344.2854733648071,22072.089694123217,1.4150383363668797,1.4150383363668795,1.5691773093238752e-16,2.7055432292586326e-09,27,0,9294.9744805191,9294.9744805191,300.0,183349.99328213083,101325.0,0.03428099305787338,0.03428099305787338,2167.2784956486466,2167.2784956486466,7.719797284265923e-05,90.33823890987821,0.00020825545978433925,1.1181614504724012e-09,0.00020825657794578973,2.415783798029595e-09,0.0,-2.463724985958046e-24,0.0,-3.61055887404754e-20,-1.0340566109550695e-25
2.870619990530313e-06,348.3568021189952,22602.72053688278,1.4665508827753857,1.4665508827753855,1.5140600134161131e-16,2.8053881017638805e-09,28,0,9266.23670186948,9266.23670186948,300.0,182366.2637645158,101325.0,0.0342326529069179,0.0342326529069179,2137.4530591722364,2137.4530591722364,7.725012190551474e-05,92.59026976219221,0.00020825552554674693,1.1936833650987186e-09,0.00020825671923011202,2.5570681203141843e-09,0.0,-2.6525606219303755e-24,0.0,-2.5877275711586914e-20,-1.0340628074530104e-25
2.837404959711925e-06,352.43471206927325,23136.642523798782,1.5188748694221608,1.5188748694221608,0.0,2.9051815417991186e-09,29,0,9237.43493357534,9237.43493357534,300.0,181368.01969876754,101325.0,0.03418190104752467,0.03418190104752467,2107.576518803979,2107.576518803979,7.730239790509262e-05,94.69815020273055,0.0002082555947013656,1.2708809039991806e-09,0.00020825686558226958,2.703420277893055e-09,0.0,-2.848264150173658e-24,0.0,-5.258341108169593e-20,-1.0340692293156188e-25
2.804909254193074e-06,356.5177727247663,23672.58347498082,1.571846486353319,1.571846486353319,0.0,3.0049205641168266e-09,30,0,9208.60203356369,9208.60203356369,300.0,180356.6416474798,101325.0,0.034128833133458346,0.034128833133458346,2077.6858162245294,2077.6858162245294,7.73547421394215e-05,96.66031073004677,0.00020825566740328026,1.3496700838392328e-09,0.0002082570170733641,2.854911372392158e-09,0.0,-3.05081874249249e-24,0.0,-3.475414912301401e-20,-1.03407587599069e-25
2.7731208384737626e-06,360.6045528655607,24209.238839554626,1.6252907528017344,1.6252907528017353,5.464735575275076e-16,3.1046021674313413e-09,31,0,9179.771043864606,9179.771043864606,300.0,179333.5762983908,101325.0,0.03407355699208966,0.03407355699208966,2047.8182589704272,2047.8182589704272,7.740709562250812e-05,98.47566573205356,0.0002082557437891795,1.4299683624908397e-09,0.000208257173757542,3.011595550316143e-09,0.0,-3.2602067101031316e-24,0.0,-6.52922123652143e-20,-1.0698120649592976e-29
2.74202762193462e-06,364.6936274458302,24745.27790114468,1.6790224240916618,1.679022424091662,1.3224636058399025e-16,3.2042233402522557e-09,32,0,9150.97483499886,9150.97483499886,300.0,178300.3232440777,101325.0,0.034016191924744234,0.034016191924744234,2018.0111239973348,2018.0111239973348,7.745939971281427e-05,100.14357435268187,0.00020825582397593644,1.5116949765490038e-09,0.000208257335670913,3.1735089212852384e-09,0.0,-3.476409511854354e-24,0.0,-3.160053503811868e-20,-1.0340898414284763e-25
2.7116174428852163e-06,368.78358435988656,25279.350254089335,1.7328470581957849,1.7328470581957853,2.562772102417635e-16,3.3037810677638756e-09,33,0,9122.245799106004,9122.245799106004,300.0,177258.42214985346,101325.0,0.033956867891603994,0.033956867891603994,1988.301307850093,1988.301307850093,7.751159665546593e-05,101.66380358414816,0.0002082559080593141,1.594771255876335e-09,0.00020825750283056998,3.340668578268856e-09,0.0,-3.6994077673010996e-24,0.0,-2.2160972885918976e-20,-1.0340971589468227e-25
2.6818780561387996e-06,372.8730311622511,25810.092517467434,1.7865622345595618,1.7865622345595622,2.4857192280208646e-16,3.4032723398131528e-09,34,0,9093.615551759975,9093.615551759975,300.0,176209.43989212735,101325.0,0.03389572460165236,0.03389572460165236,1958.7249811844497,1958.7249811844497,7.756363010836912e-05,103.03649362367949,0.00020825599611281486,1.6791209132304249e-09,0.00020825767523372808,3.5130717363556023e-09,0.0,-3.929181275280364e-24,0.0,-7.280637029904264e-21,-1.0341046987899338e-25
2.6527971249644414e-06,376.96060154370235,26336.13523223066,1.839958913822803,1.8399589138228032,1.206791104175793e-16,3.502694160503147e-09,35,0,9065.114676952391,9065.114676952391,300.0,175154.9583025751,101325.0,0.03383291052719685,0.03383291052719685,1929.3172853301096,1929.3172853301096,7.76154455918548e-05,104.26212548845614,0.0002082560881866904,1.7646703077997306e-09,0.0002082578528569982,3.690695006491499e-09,0.0,-4.165709039705341e-24,0.0,-1.9871803251644602e-20,-1.3669457755474062e-29
2.624362216941445e-06,381.0449615318144,26856.1098931616,1.8928229248698605,1.8928229248698605,0.0,3.602043559347144e-09,36,0,9036.772503525202,9036.772503525202,300.0,174096.5624708318,101325.0,0.033768581862818906,0.033768581862818906,1900.1120593151395,1900.1120593151395,7.766699088241835e-05,105.34149083550759,0.00020825618430712867,1.8513486814966813e-09,0.00020825803565581018,3.873493818477448e-09,0.0,-4.408969303240965e-24,0.0,-2.978952846611266e-20,-1.0341204426695886e-25
2.5965608035408967e-06,385.1248153466358,27368.65606294703,1.9449365630145197,1.9449365630145197,0.0,3.701317604237375e-09,37,0,9008.61691597709,9008.61691597709,300.0,173035.82976334423,101325.0,0.03370290144724194,0.03370290144724194,1871.1416015254024,1871.1416015254024,7.771821634549559e-05,106.27566390948209,0.00020825628447563072,1.9390883674972436e-09,0.00020825822356399822,4.061402006490237e-09,0.0,-4.6589395902482604e-24,0.0,-9.537915499263892e-21,-1.0341286452546607e-25
2.5693802620180495e-06,389.19891103023315,27872.428526237014,1.9960802816579395,1.9960802816579388,3.3372095345874807e-16,3.800513416179853e-09,38,0,8980.673794371405,8980.673794371405,300.0,171974.32202392048,101325.0,0.033636040260084,0.033636040260084,1842.4360189786892,1842.4360189786892,7.776907591544864e-05,107.06597551673927,0.00020825638866859143,2.027824968329485e-09,0.00020825841649355976,4.254331568035075e-09,0.0,-4.915596759739891e-24,0.0,-1.3367191211941349e-20,1.0338144641178675e-25
2.5428078805358024e-06,393.2660456397859,28366.104434678327,2.046034458657761,2.046034458657761,0.0,3.899628194628078e-09,39,0,8952.967461245455,8952.967461245455,300.0,170913.5773409848,101325.0,0.033568173628389486,0.033568173628389486,1814.023681405109,1814.023681405109,7.781952631442688e-05,107.71398896948853,0.00020825649683709616,2.117497518485945e-09,0.00020825861433461463,4.4521726229164734e-09,0.0,-5.178917092653368e-24,0.0,-2.257645629182712e-20,-1.0341457079213884e-25
2.5168308692466435e-06,397.3250694828483,28848.390310166433,2.094581206695367,2.094581206695367,0.0,3.998659234874267e-09,40,0,8925.5209372522,8925.5209372522,300.0,169855.096741291,101325.0,0.03349947728646227,0.03349947728646227,1785.9314763949321,1785.9314763949321,7.786952660665201e-05,108.22147769498176,0.00020825660890692416,2.2080486112993463e-09,0.00020825881695553546,4.654793543736899e-09,0.0,-5.448876368017462e-24,0.0,-1.4649027260394267e-20,-1.7880073864372481e-29
2.4914363737516275e-06,401.3748898167489,29318.028890822887,2.141506207415114,2.1415062074151145,2.0737236638043485e-16,4.097603937456392e-09,41,0,8898.355269427117,8898.355269427117,300.0,168800.33586502422,101325.0,0.03343012928766572,0.03343012928766572,1758.1840430483714,1758.1840430483714,7.791903937178063e-05,108.67995573826205,0.00020825672477876566,2.2994244842883582e-09,0.00020825902420324995,4.86204125826748e-09,0.0,-5.725449924011721e-24,0.0,-5.83881330839167e-20,-1.0341636419810624e-25
2.4666114890436e-06,405.41447424609964,29773.805826514606,2.1866005525418752,2.186600552541875,2.0309571829835067e-16,4.196459829327255e-09,42,0,8871.489545489974,8871.489545489974,300.0,167750.69964588346,101325.0,0.03336030896143704,0.03336030896143704,1730.8037557932732,1730.8037557932732,7.796803067854462e-05,109.46969687974577,0.00020825684432866664,2.391575089411155e-09,0.00020825923590375606,5.073741764348492e-09,0.0,-6.008612756587518e-24,0.0,-2.863886551627964e-20,-1.0341729337543017e-25
2.442343275428849e-06,409.4428535335234,30214.55612900924,2.229662562661639,2.229662562661639,0.0,4.295224585638208e-09,43,0,8844.94091303768,8844.94091303768,300.0,166707.53746127343,101325.0,0.03329019592255646,0.03329019592255646,1703.8107173645426,1703.8107173645426,7.801647004954987e-05,110.11368014648706,0.0002082569674086896,2.4844541372037088e-09,0.0002082594518628268,5.289700835069685e-09,0.0,-6.298339628620063e-24,0.0,-9.91470449179276e-22,-1.0341824409215094e-25
2.4186187760173383e-06,413.4591238254868,30639.17033003127,2.2704995594894664,2.2704995594894664,0.0,4.393896051943419e-09,44,0,8818.724610362779,8818.724610362779,300.0,165672.13895781117,101325.0,0.03321996913861149,0.03321996913861149,1677.2227685319735,1677.2227685319735,7.806433040549602e-05,110.61251809210417,0.00020825709384778525,2.5780191159405962e-09,0.0002082596718669012,5.509704909493341e-09,0.0,-6.59460518927061e-24,0.0,-3.170415567822129e-20,-2.163969595321064e-29
2.3954250352742153e-06,417.46244832309077,31046.60030561995,2.3089295681774167,2.3089295681774162,1.923355376321029e-16,4.492472266356244e-09,45,0,8792.854011027515,8792.854011027515,300.0,164645.73063644202,101325.0,0.03314980606118509,0.03314980606118509,1651.0555171344718,1651.0555171344718,7.811158798514466e-05,112.21125860867292,0.00020825722345286572,2.6722312868911514e-09,0.0002082598956841526,5.7335221608938e-09,0.0,-6.897384102285602e-24,0.0,-2.4406243912578943e-20,-2.2633241954925522e-29
2.3727491193061907e-06,421.4520582321014,31435.86471508949,2.344782926273387,2.344782926273387,0.0,4.590951481354474e-09,46,0,8767.340681899048,8767.340681899048,300.0,163629.47321246422,101325.0,0.033079881825233075,0.033079881825233075,1625.3223862535106,1625.3223862535106,7.815822224161055e-05,114.3574083433739,0.00020825735601006688,2.7670556570473547e-09,0.00020826012306572394,5.960903732254113e-09,0.0,-7.206651182218122e-24,0.0,-4.9431248251225624e-20,-1.0342122464751196e-25
2.3505781348935e-06,425.42725347239224,31806.054055431712,2.377903781010806,2.377903781010806,0.0,4.689332184821573e-09,47,0,8742.19445322669,8742.19445322669,300.0,162624.45972934613,101325.0,0.033010368519936543,0.033010368519936543,1600.0346800143423,1600.0346800143423,7.820421571750592e-05,116.45617160788393,0.000208257491286187,2.862460930716484e-09,0.00020826035374711771,6.191585126018533e-09,0.0,-7.52238153703726e-24,0.0,-4.069653671302047e-20,-2.4684123557597838e-29
2.3288992505633276e-06,429.3874025499876,32156.33525721886,2.408151452590133,2.408151452590132,3.6882166142201235e-16,4.787613119976927e-09,48,0,8717.423498796787,8717.423498796787,300.0,161631.714383717,101325.0,0.03294143453315881,0.03294143453315881,1575.2016647857558,1575.2016647857558,7.824955390242985e-05,118.50706437206318,0.0002082576290302835,2.958419441522898e-09,0.00020826058744972503,6.425287733325725e-09,0.0,-7.844550715579915e-24,0.0,-3.2804728657830575e-20,-1.0342331786637106e-25
2.3076997166596237e-06,433.3319420983818,32485.955835360244,2.4354016494297053,2.4354016494297053,0.0,4.885793303814757e-09,49,0,8693.034424051391,8693.034424051391,300.0,160652.19200725012,101325.0,0.03287324397038003,0.03287324397038003,1550.8306632719195,1550.8306632719195,7.829422507653112e-05,120.50970605386605,0.00020825776897541098,3.0549070663814617e-09,0.00020826082388247737,6.6617204856503625e-09,0.0,-8.173134857998675e-24,0.0,-2.0626477083354765e-20,-1.0342439609027272e-25
2.2869668852413806e-06,437.2603759386983,32794.247564930694,2.4595475202645325,2.4595475202645325,0.0,4.9838720439097735e-09,50,0,8669.032360017769,8669.032360017769,300.0,159686.7781430428,101325.0,0.03280595614784726,0.03280595614784726,1526.9271588541392,1526.9271588541392,7.833914509576235e-05,122.46381403347222,0.00020825791084047953,3.151903123274867e-09,0.0002082610627436028,6.900581611051753e-09,0.0,-8.508110847967316e-24,0.0,9.855620693846887e-21,-2.7918719408066563e-29
2.2836059838599416e-06,437.90391471549594,32842.7936036622,2.463209520274665,2.4632095202746656,1.802888492411086e-16,5e-09,51,0,8665.13073415968,8665.13073415968,300.0,159529.9561411475,101325.0,0.032795053880244396,0.032795053880244396,1523.048985995771,1523.048985995771,7.834765983000189e-05,122.77748031199418,0.00020825793460079402,3.1678102831446318e-09,0.00020826110241107715,6.940249085460405e-09,0.0,-8.564299669950054e-24,0.0,-4.2556253467560037e-20,-1.0342567966788734e-25
2.2634007189323314e-06,441.813061043698,33125.52175111188,2.4836300418354016,2.4836300418354016,0.0,5.097960306199652e-09,52,0,8641.58389733309,8641.58389733309,300.0,158582.04286024757,101325.0,0.03272902169423083,0.03272902169423083,1499.6942764227365,1499.6942764227365,7.839905520292012e-05,124.67483108405021,0.00020825807833119912,3.2653766368923276e-09,0.00020826134370783601,7.181545844300409e-09,0.0,-8.906691859529637e-24,0.0,-2.288706807385117e-20,-1.034268032018468e-25
2.2436352144583978e-06,445.70525259891457,33385.77784154394,2.5007786100469236,2.500778610046923,1.775803775935727e-16,5.19581876358001e-09,53,0,8618.430661782506,8618.430661782506,300.0,157649.9207046281,101325.0,0.03266421834870395,0.03266421834870395,1476.8132434585239,1476.8132434585239,7.844965923862465e-05,126.52335089624295,0.00020825822333403118,3.3634180094009905e-09,0.0002082615867520406,7.424590048897936e-09,0.0,-9.255429260034254e-24,0.0,-3.9632033951162616e-20,-1.0342794755713385e-25
2.224297268390387e-06,449.58019515244473,33623.17898665594,2.514608466650456,2.514608466650456,0.0,5.293575684916334e-09,54,0,8595.672113905817,8595.672113905817,300.0,156734.26131384715,101325.0,0.03260078548192648,0.03260078548192648,1454.406279300525,1454.406279300525,7.849946986741721e-05,128.32303052434796,0.00020825836929668482,3.461923773670624e-09,0.0002082618312204585,7.669058466759854e-09,0.0,-9.61049209865313e-24,0.0,-7.295417327465721e-21,-1.0342911266886555e-25
2.2053748549184918e-06,453.43765381643425,33837.43664939301,2.5250927208290586,2.5250927208290594,3.517409132637756e-16,5.391231720588063e-09,55,0,8573.30829165601,8573.30829165601,300.0,155835.6726669165,101325.0,0.03253885858657549,0.03253885858657549,1432.4724416829058,1432.4724416829058,7.85484872157879e-05,130.07393595188123,0.00020825851590097145,3.560886181144456e-09,0.00020826207678715258,7.914625160879505e-09,0.0,-9.971861959085111e-24,0.0,-3.1805140247272364e-20,-1.034302984766102e-25
2.186856139390537e-06,457.27745048592624,34028.35783202116,2.5322244416679665,2.532224441667967,1.7537513758359536e-16,5.488787863892726e-09,56,0,8551.338276227694,8551.338276227694,300.0,154954.7010965309,101325.0,0.03247856685098455,0.03247856685098455,1411.0095694155966,1411.0095694155966,7.859671341504734e-05,131.77620305979323,0.00020825866282525658,3.6603002033116907e-09,0.0002082623231254599,8.160963468210264e-09,0.0,-1.0339521916553416e-23,0.0,-5.247675141492999e-20,-3.3928355701991717e-29
2.1687294920038946e-06,461.0994610840125,34195.84580509247,2.53601656262314,2.5360165626231406,1.7511289807615328e-16,5.586245454017572e-09,57,0,8529.760282949686,8529.760282949686,300.0,154091.83358259776,101325.0,0.03242003305512919,0.03242003305512919,1390.0143981257934,1390.0143981257934,7.864415241171033e-05,133.4300324247102,0.000208258809746584,3.760163367689799e-09,0.0002082625699099517,8.40774795995046e-09,0.0,-1.071345666565354e-23,0.0,2.1730433604743397e-21,-1.0343273196330274e-25
2.1509835000865245e-06,464.9036126775377,34339.90039511772,2.5365016037518564,2.536501603751856,1.7507941220821222e-16,5.683606176893509e-09,58,0,8508.57174956451,8508.57174956451,300.0,153247.50024761257,101325.0,0.032363373516999534,0.032363373516999534,1369.4826738512052,1369.4826738512052,7.869080978341442e-05,135.0356842485692,0.0002082589563427675,3.8604755899256454e-09,0.0002082628168183574,8.654656365712795e-09,0.0,-1.1093652640794049e-23,0.0,-3.823676411994131e-20,-1.0343397954751266e-25
2.1336069789527874e-06,468.6898805003056,34460.61784902282,2.533731219604636,2.5337312196046358,1.752708442055501e-16,5.780872063970238e-09,59,0,8487.769420819304,8487.769420819304,300.0,152422.07699482812,101325.0,0.03230869808464971,0.03230869808464971,1349.4092629573024,1349.4092629573024,7.873669256258736e-05,136.59347343621997,0.00020825910229443253,3.9612390034467755e-09,0.00020826306353343598,8.901371444273266e-09,0.0,-1.1480098128382373e-23,0.0,-2.9030630347713696e-20,-1.034352476390229e-25
2.1165889813340308e-06,472.4582849192223,34558.190295361106,2.5277755827577,2.5277755827577,0.0,5.878045488979804e-09,60,0,8467.349428687352,8467.349428687352,300.0,151615.88824174218,101325.0,0.03225611016936294,0.03225611016936294,1329.7882573120005,1329.7882573120005,7.878180906926257e-05,138.10376483509887,0.00020825924728698866,4.062457787983926e-09,0.00020826330974477663,9.147582784935914e-09,0.0,-1.1872783370050022e-23,0.0,-4.251737574001993e-20,-1.0343653620581214e-25
2.099918805377982e-06,476.20888838128275,34632.90482353068,2.5187226147601622,2.518722614760162,1.7631525093220703e-16,5.9751291629573405e-09,61,0,8447.307367788171,8447.307367788171,300.0,150829.20970710402,101325.0,0.032205706815044186,0.032205706815044186,1310.613073967274,1310.613073967274,7.882616875394832e-05,139.5669686527013,0.00020825939101251883,4.164137998370088e-09,0.0002082635551505172,9.392988525500739e-09,0.0,-1.227170065708349e-23,0.0,-3.809897582504869e-20,-4.0268653456337317e-29
2.0835860010904515e-06,479.9417924082072,34685.14220538122,2.5066770780075642,2.506677078007564,1.7716251277290472e-16,6.072126127649298e-09,62,0,8427.638365785464,8427.638365785464,300.0,150062.27121764125,101325.0,0.03215757879931539,0.03215757879931539,1291.8765488671777,1291.8765488671777,7.886978205098248e-05,140.9835360614654,0.000208259533171571,4.266287394740187e-09,0.00020826379945896572,9.637296974033465e-09,0.0,-1.267684441580056e-23,0.0,-4.505100683670305e-20,-1.034391746710513e-25
2.0675803762476804e-06,483.6571344398403,34715.375264767776,2.491759541952035,2.491759541952035,0.0,6.1690397475023694e-09,63,0,8408.337148671337,8408.337148671337,300.0,149315.2595051363,101325.0,0.03211181076184142,0.03211181076184142,1273.5710242865805,1273.5710242865805,7.891266024257014e-05,142.3539550005164,0.00020825967347484,4.3689152751964595e-09,0.0002082640423901152,9.880228123465898e-09,0.0,-1.3088211283955135e-23,0.0,3.0772585572141564e-21,-4.2947971050181336e-29
2.0518919993432543e-06,487.3550851214725,34724.16695840236,2.474105242288518,2.474105242288519,3.589897489075972e-16,6.265873700341069e-09,64,0,8389.398100966786,8389.398100966786,300.0,148588.3209695303,101325.0,0.03206848135563067,0.03206848135563067,1255.6884298779553,1255.6884298779553,7.895481533342064e-05,143.67874617897849,0.00020825981164472934,4.4720323117869935e-09,0.00020826428367704114,1.012151504943666e-08,0.0,-1.3505800177995468e-23,0.0,-3.566995328488881e-20,-4.4318257282808675e-29
2.0365112030054278e-06,491.0358452849301,34712.168133154635,2.453862845400252,2.4538628454002516,1.8097556295067778e-16,6.362631967040689e-09,65,0,8370.815320903006,8370.815320903006,300.0,147881.5643864218,101325.0,0.032027663417279285,0.032027663417279285,1238.2203572852084,1238.2203572852084,7.89962599358613e-05,144.95845928734653,0.0002082599474167853,4.5756503907327475e-09,0.00020826452306717602,1.036090518431294e-08,0.0,-1.392961235193374e-23,0.0,-2.6647490975334318e-20,-4.570896473565436e-29
2.0214285853919574e-06,494.6996432258817,34680.115023014514,2.4311931380560043,2.431193138056004,1.826630730807174e-16,6.4593188202865996e-09,66,0,8352.582670745544,8352.582670745544,300.0,147195.06354248693,101325.0,0.03198942415250982,0.03198942415250982,1221.1581284198544,1221.1581284198544,7.903700716506804e-05,146.19366941775837,0.00020826008054099533,4.679782457503114e-09,0.00020826476032345282,1.0598161461131748e-08,0.0,-1.4359651447794523e-23,0.0,-4.604034329512336e-20,-1.034446966744882e-25
2.0066350106880924e-06,498.3467320532255,34628.82648804584,2.4062676582598925,2.406267658259893,1.8455520038498477e-16,6.555938812590607e-09,67,0,8334.693822458787,8334.693822458787,300.0,146528.85978478103,101325.0,0.031953825333516636,0.031953825333516636,1204.4928575667816,1204.4928575667816,7.907707054400963e-05,147.38497369338,0.0002082602107829478,4.7844423673121635e-09,0.0002082649952253151,1.0833063323420274e-08,0.0,-1.479592353802129e-23,0.0,-5.0064186066671515e-20,1.0334902487004711e-25
1.9921216086156722e-06,501.9773871610686,34559.20101673095,2.3792672846667346,2.379267284666734,1.8664956758410876e-16,6.652496763723508e-09,68,0,8317.142298929039,8317.142298929039,300.0,145882.96447291513,101325.0,0.031920923505026094,0.031920923505026094,1188.2155075371145,1188.2155075371145,7.911646391763615e-05,148.5329881062929,0.0002082603379248486,4.889644741503776e-09,0.0002082652275695901,1.1065407598379215e-08,0.0,-1.523843716026102e-23,0.0,-4.4836681061717164e-21,-1.0344758034304455e-25
1.9778797730227093e-06,505.59190383535935,34472.21350896064,2.350380801576951,2.3503808015769505,1.8894351483474846e-16,6.748997747802357e-09,69,0,8299.921510976423,8299.921510976423,300.0,145257.36132500434,101325.0,0.0318907701961885,0.0318907701961885,1172.3169401238088,1172.3169401238088,7.915520137584345e-05,149.63834456127836,0.00020826046176639418,4.995404830288062e-09,0.00020826545717122447,1.1295009232736167e-08,0.0,-1.5687203345402827e-23,0.0,1.5807713788819406e-21,-1.0344905293518946e-25
1.9639011596664477e-06,509.1905949940178,34368.91185574304,2.3198034562317718,2.319803456231771,3.828679612120499e-16,6.845447080005684e-09,70,0,8283.024790443405,8283.024790443405,300.0,144652.0086524524,101325.0,0.03186341213585396,0.03186341213585396,1156.7879611899607,1156.7879611899607,7.919329718459942e-05,150.70168812053348,0.00020826058212550125,5.101738381932052e-09,0.00020826568386388318,1.1521701891471784e-08,0.0,-1.6142235638624193e-23,0.0,-3.01172447264433e-20,-1.0345054608909202e-25
1.950177683254605e-06,512.7737890688626,34250.41333033414,2.287735524526178,2.2877355245261777,1.9411737287335243e-16,6.941850303162379e-09,71,0,8266.445419603748,8266.445419603748,300.0,144066.8414785092,101325.0,0.03183889146891528,0.03183889146891528,1141.6193606948002,1141.6193606948002,7.923076572472469e-05,151.72367444476149,0.00020826069883889473,5.208661518720707e-09,0.00020826590750041345,1.1745338421742567e-08,0.0,-1.660355011448718e-23,0.0,-2.673122861312707e-20,-1.0345205985749968e-25
1.9367015138368325e-06,516.3418280284621,34117.90080429757,2.2543809006070377,2.254380900607038,1.9698943054853e-16,7.0382131742639065e-09,72,0,8250.176657168204,8250.176657168204,300.0,143501.77353877798,101325.0,0.03181724597181298,0.03181724597181298,1126.8019480041858,1126.8019480041858,7.926762143775644e-05,152.70496742462075,0.00020826081176255715,5.316190619747359e-09,0.0002082661279531769,1.196579118520687e-08,0.0,-1.7071165386307494e-23,0.0,-5.210297997662535e-20,-5.60177323621593e-29
1.9234650726253583e-06,519.8950655418397,33972.6188006604,2.2199457249553425,2.2199457249553425,0.0,7.134541651022539e-09,73,0,8234.211761148394,8234.211761148394,300.0,142956.6991625411,101325.0,0.03179850926545125,0.03179850926545125,1112.3265828268923,1112.3265828268923,7.930387877834276e-05,153.64623699545137,0.00020826092077204454,5.424342210597773e-09,0.00020826634511425513,1.21829522633961e-08,0.0,-1.754510261040377e-23,0.0,-4.80857521051754e-21,-1.034551494904877e-25
1.910461027327525e-06,523.433865279557,33815.869395297574,2.1846370646062274,2.1846370646062274,0.0,7.230841878514887e-09,74,0,8218.544008843617,8218.544008843617,300.0,142431.49503572696,101325.0,0.0317827110241083,0.0317827110241083,1098.1842021252905,1098.1842021252905,7.93395521726176e-05,154.54815712775974,0.00020826102576267355,5.533132859877093e-09,0.00020826655889553342,1.2396733541729966e-08,0.0,-1.802538548548294e-23,0.0,-4.141676068253941e-20,1.0333842763600053e-25
1.8976822870533377e-06,526.958599351617,33649.00797639047,2.14866165802844,2.1486616580284394,2.066817770916749e-16,7.327120176058897e-09,75,0,8203.166714188314,8203.166714188314,300.0,141926.02184655934,101325.0,0.03176987717907583,0.03176987717907583,1084.3658433264534,1084.3658433264534,7.937465598206324e-05,155.41140398637785,0.00020826112664958817,5.642579082594922e-09,0.00020826676922867078,1.2607066679061797e-08,0.0,-1.8512040247986994e-23,0.0,-1.8686324104344714e-20,-1.0345832242288963e-25
1.8851219967541212e-06,530.4696469097704,33473.438873575615,2.1122247362318705,2.11222473623187,2.102471400094959e-16,7.42338302422442e-09,76,0,8188.073242726143,8188.073242726143,300.0,141440.1258171911,101325.0,0.03176003011602278,0.03176003011602278,1070.862664184787,1070.862664184787,7.940920447229786e-05,156.23665424854585,0.0002082612233677116,5.752697250122953e-09,0.0002082669760649617,1.281390297000767e-08,0.0,-1.9005095663033366e-23,0.0,-3.136418722774746e-20,-1.0345994034677794e-25
1.8727735297205446e-06,533.9673933501292,33290.610891085846,2.075528931735688,2.0755289317356875,2.1396435533119128e-16,7.519637052295601e-09,77,0,8173.256548796469,8173.256548796469,300.0,140973.6674010188,101325.0,0.03175319866203309,0.03175319866203309,1057.6654473117626,1057.6654473117626,7.944321275862135e-05,157.0245835751174,0.00020826131587159654,5.863503504209567e-09,0.00020826717937510075,1.3017213109061577e-08,0.0,-1.9504583012694667e-23,0.0,-4.3166899695003724e-20,-6.400280744260186e-29
1.8606304816141992e-06,537.4522291672041,33102.01257223482,2.0387732655426403,2.0387732655426394,4.3564354835883505e-16,7.615889054563792e-09,78,0,8158.710204585576,8158.710204585576,300.0,140526.47494556097,101325.0,0.031749399988855107,0.031749399988855107,1044.765696250778,1044.765696250778,7.947669470163247e-05,157.77586544749644,0.00020826140413519672,5.975013719483641e-09,0.0002082673791489162,1.3216986924506697e-08,0.0,-2.0010536231033437e-23,0.0,-5.100742349399966e-20,-6.566305449260159e-29
1.8486866667166935e-06,540.9245482232103,32909.16753641666,2.0021522622653074,2.002152262265308,2.2180591267699287e-16,7.712145953275161e-09,79,0,8144.427923083907,8144.427923083907,300.0,140098.35949544262,101325.0,0.03174864626026177,0.03174864626026177,1032.1551437080852,1032.1551437080852,7.950966388288247e-05,158.49116967584047,0.0002082614881515066,6.087243401308921e-09,0.00020826757539490793,1.341323291622348e-08,0.0,-2.0522991762006582e-23,0.0,-3.4247602377981184e-20,-1.03464921207516e-25
1.8369361118153435e-06,544.3847467355599,32713.629674783104,1.9658551657008503,1.9658551657008505,1.1295064295637965e-16,7.808414781234036e-09,80,0,8130.403459204424,8130.403459204424,300.0,139689.1213297592,101325.0,0.03175094681580746,0.03175094681580746,1019.82564780998,1019.82564780998,7.954213380639667e-05,159.17116122838868,0.0002082615679321463,6.200207613316682e-09,0.0002082677681397596,1.3605977767906971e-08,0.0,-2.10419885086962e-23,0.0,-3.589917387738372e-20,-6.904768678494623e-29
1.8253730498847315e-06,547.8332223997434,32516.978224545957,1.9300652637018518,1.9300652637018518,0.0,7.904702670674834e-09,81,0,8116.630637055661,8116.630637055661,300.0,139298.55156359237,101325.0,0.03175630832289492,0.03175630832289492,1007.7692193076601,1007.7692193076601,7.957411784242995e-05,159.8164992313448,0.00020826164350688632,6.313920918143365e-09,0.00020826795742780445,1.3795265812758597e-08,0.0,-2.1567567810073923e-23,0.0,-4.082142410137561e-20,-7.077233533549467e-29
1.8139919137374113e-06,551.2703736036375,32320.81274874235,1.8949593280526211,1.8949593280526214,1.1717644892844124e-16,8.001016842598981e-09,82,0,8103.103366802118,8103.103366802118,300.0,138926.4334080317,101325.0,0.031764734922333185,0.031764734922333185,995.9780383751109,995.9780383751109,7.960562919262486e-05,160.4278360795948,0.00020826171492311832,6.4283973237483155e-09,0.00020826814332044208,1.3981158450391602e-08,0.0,-2.2099773416199967e-23,0.0,-4.639880799681425e-20,-1.0347009529673015e-25
1.8027873297055986e-06,554.6965987182213,32126.748026924066,1.8607071706776002,1.8607071706776,1.1933344935956308e-16,8.097364596384127e-09,83,0,8089.81565539894,8089.81565539894,300.0,138572.5432072419,101325.0,0.03177622836624857,0.03177622836624857,984.4444651331044,984.4444651331044,7.963668086776113e-05,161.0058166487009,0.00020826178224528204,6.54365023481841e-09,0.00020826832589551685,1.4163733525163683e-08,0.0,-2.2638651461012855e-23,0.0,-4.959557276176396e-20,-1.0347186358409702e-25
1.7917541113682376e-06,558.1122954624448,31936.40886141467,1.827471315818873,1.8274713158188731,1.2150374290582786e-16,8.193753299827427e-09,84,0,8076.7616135457465,8076.7616135457465,300.0,138236.6513176746,101325.0,0.031790788147639755,0.031790788147639755,973.16104618001,973.16104618001,7.966728567327741e-05,161.55107760242475,0.00020826184555425932,6.659692409202285e-09,0.0002082685052466685,1.4343084676832948e-08,0.0,-2.318425043376585e-23,0.0,-5.870337690494555e-20,-7.607735654987333e-29
1.7808872533668504e-06,561.517860330267,31751.424804407594,1.7954067863789516,1.7954067863789518,1.236737025890716e-16,8.290190379495875e-09,85,0,8063.935460221492,8063.935460221492,300.0,137918.52286842585,101325.0,0.03180841162131191,0.03180841162131191,962.1205184675568,962.1205184675568,7.969745619977101e-05,162.06424678778149,0.00020826190494674645,6.776535918971848e-09,0.00020826868148266542,1.4519320673708376e-08,0.0,-2.3736621148596576e-23,0.0,-2.813464255815069e-20,-1.0347546648821686e-25
1.7701819253081188e-06,564.913688080924,31573.424810615157,1.764661000971825,1.7646610009718258,3.7748542887741265e-16,8.38668331161644e-09,86,0,8051.3315255617235,8051.3315255617235,300.0,137617.91842512225,101325.0,0.03182909411606956,0.03182909411606956,951.3158112909539,951.3158112909539,7.972720481691052e-05,162.54594271230522,0.0002082619605346144,6.894192116161044e-09,0.00020826885472673056,1.4692564738875242e-08,0.0,-2.4295816713730226e-23,0.0,-5.1024943664283207e-20,-7.972487685471374e-29
1.7596334657129885e-06,568.3001713057375,31404.031823251105,1.7353737770126405,1.73537377701264,2.5590406846791245e-16,8.48323961319023e-09,87,0,8038.944252597932,8038.944252597932,300.0,137334.59457405843,101325.0,0.03185282903832981,0.03185282903832981,940.740046922762,940.740046922762,7.975654366968909e-05,162.99677409548124,0.0002082620124442678,7.012671602566065e-09,0.00020826902511587037,1.4862953878660584e-08,0.0,-2.4861892498724265e-23,0.0,-2.7158040345463136e-20,-8.158241153983429e-29
1.749237376601707e-06,571.6776998801205,31244.857288173,1.7076774328664783,1.7076774328664786,1.3002725260139497e-16,8.579866833510422e-09,88,0,8026.768198148924,8026.768198148924,300.0,137068.3044362278,101325.0,0.031879607967222806,0.031879607967222806,930.3865402052841,930.3865402052841,7.978548467642585e-05,163.41733948917118,0.00020826206081601102,7.1319842036058454e-09,0.00020826919280021462,1.503063822294987e-08,0.0,-2.5434906100928317e-23,0.0,-6.902222416037408e-20,-1.0348103928127353e-25
1.7389893172213791e-06,575.0466607798584,31097.49562934584,1.681696982825182,1.6816969828251818,1.320360369274169e-16,8.676572546085594e-09,89,0,8014.798033043249,8014.798033043249,300.0,136818.79811840496,101325.0,0.03190942074143382,0.03190942074143382,920.2487973089172,920.2487973089172,7.981403952814148e-05,163.80822696154667,0.00020826210580343163,7.252138946044865e-09,0.00020826935794237766,1.519578038594376e-08,0.0,-2.6014917311359476e-23,0.0,-1.628507703765367e-20,-8.536597487013479e-29
1.7288850989837242e-06,578.4074375953737,30963.51865632152,1.6575504138849948,1.6575504138849944,2.679189761771401e-16,8.773364340801612e-09,90,0,8003.028541965707,8003.028541965707,300.0,136585.8231122442,101325.0,0.0319422555380848,0.0319422555380848,910.3205139464023,910.3205139464023,7.984221968871051e-05,164.17001383859204,0.00020826214757280764,7.373144039158602e-09,0.0002082695207168468,1.5358554855079925e-08,0.0,-2.6601988079170573e-23,0.0,-1.0253863081684805e-20,-8.729240299643406e-29
1.7189206800428618e-06,581.7604102447966,30844.46993852641,1.635349035504722,1.635349035504722,0.0,8.87024981655467e-09,91,0,7991.454622771988,7991.454622771988,300.0,136369.12463821686,101325.0,0.0319780989438768,0.0319780989438768,900.5955729549115,900.5955729549115,7.987003639610986e-05,164.5032664988325,0.00020826218630254776,7.495006859461437e-09,0.00020826968130940721,1.551914741551385e-08,0.0,-2.719618247624628e-23,0.0,-3.553640551815262e-20,-1.0348681877589945e-25
1.7090921557469241e-06,585.105956186997,30741.859223758045,1.6151978945695786,1.6151978945695784,1.3747207427124725e-16,8.967236573962974e-09,92,0,7980.071285600197,7980.071285600197,300.0,136168.44594679904,101325.0,0.03201693601886757,0.03201693601886757,891.068041552318,891.068041552318,7.989750066407451e-05,164.8085402154466,0.0002082622221826697,7.61773393773561e-09,0.00020826983991660742,1.5677754615698255e-08,0.0,-2.779756665971022e-23,0.0,-1.1105400329969857e-20,-1.0348879217241186e-25
1.6993951343660335e-06,588.4446646795033,30657.167925514,1.597196816671047,1.5971968166710468,1.3902144219635196e-16,9.06433220851776e-09,93,0,7968.873651735011,7968.873651735011,300.0,135983.52857739793,101325.0,0.03205875035315509,0.03205875035315509,881.7321682599569,881.7321682599569,7.992462328426863e-05,165.08637904274752,0.00020826225541437245,7.741330899486454e-09,0.00020826999674527193,1.583458328020304e-08,0.0,-2.840620883463306e-23,0.0,-1.3352631515838804e-20,-9.321281634342298e-29
1.6898256103839088e-06,591.7770412846397,30591.82772409892,1.5814400664638264,1.5814400664638262,1.404065886742919e-16,9.161544303978755e-09,94,0,7957.856952373777,7957.856952373777,300.0,135814.11258206522,101325.0,0.032103524116876746,0.032103524116876746,872.5823796375198,872.5823796375198,7.995141482865796e-05,165.3373157423307,0.000208262286209592,7.865802529319583e-09,0.0002082701520121213,1.5989850129615266e-08,0.0,-2.90221792159056e-23,0.0,-5.338878913378662e-20,-9.523407635586588e-29
1.6803801213951322e-06,595.1034455047898,30547.211903651525,1.5680167240421048,1.5680167240421046,1.4160856929678317e-16,9.258880425956134e-09,95,0,7947.016527606969,7947.016527606969,300.0,135659.9367257453,101325.0,0.0321512381037917,0.0321512381037917,863.6132770975971,863.6132770975971,7.997788565144858e-05,165.56187174513863,0.00020826231479063073,7.991152733817095e-09,0.00020827030594336454,1.61437813728245e-08,0.0,-2.9645549989009965e-23,0.0,-2.2419770370574362e-20,-1.0349485618932038e-25
1.6710543866159623e-06,598.4245683499813,30524.654314822685,1.557012479632183,1.557012479632183,0.0,9.356348115780326e-09,96,0,7936.347824016253,7936.347824016253,300.0,135520.7386146626,101325.0,0.032201871768851996,0.032201871768851996,854.8196325529898,854.8196325529898,8.000404589382483e-05,165.7605571461817,0.0002082623413897962,8.117384535991435e-09,0.0002082704587743322,1.6296612340522583e-08,0.0,-3.027639527042099e-23,0.0,-5.84093753068129e-20,-9.934969105915494e-29
1.661845190544562e-06,601.74076724458,30525.409502792038,1.5485083877230676,1.5485083877230679,1.4339257487105154e-16,9.453954884539242e-09,97,0,7925.844647825779,7925.844647825779,300.0,135396.3417454346,101325.0,0.03225543945724592,0.03225543945724592,846.1947479443387,846.1947479443387,8.00299090095325e-05,165.9338707282425,0.000208262366249189,8.244500100240608e-09,0.00020827061074928926,1.6448587297576787e-08,0.0,-3.091479106697239e-23,0.0,-5.255026624328381e-20,-1.0144453836823364e-28
1.6527485332316585e-06,605.0527227180025,30550.680637262376,1.542583071450788,1.542583071450788,0.0,9.551708309320749e-09,98,0,7915.501084093802,7915.501084093802,300.0,135286.590527055,101325.0,0.03231195905401212,0.03231195905401212,837.7322359566626,837.7322359566626,8.005548788562789e-05,166.58990382627366,0.0002082623896204568,8.372500830674914e-09,0.00020827076212128748,1.6599959295779607e-08,0.0,-3.156081590859106e-23,0.0,-4.026893453293807e-20,-1.0356441980914145e-28
1.6437607122066638e-06,608.3610543638993,30601.5944364657,1.5393121820282962,1.5393121820282958,2.8849847031347615e-16,9.649616040697601e-09,99,0,7905.314096665165,7905.314096665165,300.0,135191.21566471062,101325.0,0.03237139622215521,0.03237139622215521,829.4284300079131,829.4284300079131,8.008078960469843e-05,167.3731574889293,0.00020826241176466283,8.501387433611176e-09,0.00020827091315209646,1.6750990104765693e-08,0.0,-3.2214550928212874e-23,0.0,-4.632124162939564e-20,-1.0570960161344399e-28
1.6348783171365686e-06,611.6663176201789,30679.195969572454,1.5387688323290798,1.5387688323290796,1.443001705389007e-16,9.747685653779746e-09,100,0,7895.278525137145,7895.278525137145,300.0,135109.90690541212,101325.0,0.03243372329759509,0.03243372329759509,821.2780333112808,821.2780333112808,8.010582553391146e-05,168.1287398660717,0.0002082624329521268,8.631159719756446e-09,0.00020827106411184655,1.690194985486984e-08,0.0,-3.2876078890060616e-23,0.0,-5.18706307063632e-20,-1.035054569244941e-25
1.626098783245761e-06,614.9687892908685,30784.43261571795,1.5410233949668686,1.5410233949668686,0.0,9.845924664025517e-09,101,0,7885.389764605397,7885.389764605397,300.0,135042.37121489213,101325.0,0.03249891228796674,0.03249891228796674,813.2762609098961,813.2762609098961,8.013060591651761e-05,168.85685098469324,0.00020826245346234303,8.76181663064646e-09,0.00020827121527897368,1.705311698195489e-08,0.0,-3.354548427984084e-23,0.0,-8.278881830208421e-21,-1.1007695829919007e-28
1.617419635348532e-06,618.2687400011151,30918.162535163465,1.546144439631642,1.5461444396316422,1.4361181221718964e-16,9.944340524784302e-09,102,0,7875.643263779339,7875.643263779339,300.0,134988.31434793837,101325.0,0.03256693428702915,0.03256693428702915,805.4184515761441,805.4184515761441,8.015514088429842e-05,169.55769278212247,0.00020826247358387946,8.893356238087387e-09,0.00020827136694011756,1.720477812581998e-08,0.0,-3.4222853275993385e-23,0.0,2.2719566945218477e-21,-1.0350987626233053e-25
1.6125642005755752e-06,620.1303486974772,31006.517434873862,1.5503258717436932,1.5503258717436932,0.0,1e-08,103,0,7870.204792238168,7870.204792238168,300.0,134965.04494154677,101325.0,0.03260691489623077,0.03260691489623077,801.0438244178481,801.0438244178481,8.016889220361392e-05,169.93798040774922,0.00020826248512796397,8.967869741699005e-09,0.00020827145299770567,1.7290835713937548e-08,0.0,-3.460977116153556e-23,0.0,-3.445902617330221e-21,1.0328400723427815e-25
