case,time_s,source_file,head_x_m,head_y_m,head_z_m,Ehead_x_V_m,Ehead_y_V_m,Ehead_z_V_m,Ehead_mag_V_m,Eprop_dir_x,Eprop_dir_y,Eprop_dir_z,head_dir_x,head_dir_y,head_dir_z,theta_E_deg,theta_head_deg,delta_theta_deg,head_valid,head_status,field_direction_valid,field_status,trajectory_valid,trajectory_status,trajectory_displacement_m,trajectory_dx_ref_m,trajectory_displacement_over_dx,trajectory_min_displacement_dx,trajectory_start_time_s,trajectory_end_time_s,trajectory_lag_s,head_definition,legacy_head_definition,field_sampling_method,case_polarity,reference_axis_vector,polarity_sign,head_threshold_m3,field_sampling_radius_m,min_dx_m,active_component_count,primary_component_cells,legacy_min_z_m,legacy_min_z_in_primary_component,primary_component_min_z_m,field_sample_x_m,field_sample_y_m,field_sample_z_m,input_prefix,input_kind
misaligned_needle,0.0,results_raw/e3_misaligned_needle_pair_500V_er_headlocal_head_local_000000.csv,-1.4469368838363497e-06,1.446936883836349e-06,5.175842116728894e-05,59341.961050176906,49022.35748716824,-4466109.684764996,4466772.926423121,0.013285197619771651,0.010974893574100733,-0.9998515165939594,-0.00013602772037377852,-0.9999999907413037,-3.7218339794025607e-06,0.9873746315832131,89.99978675462093,90.62871802258945,True,VALID,True,VALID,True,VALID,2.894191116563767e-06,7.8125e-07,3.7045646292016214,1.0,0.0,1e-13,1e-13,primary_connected_active_component_leading_edge_ne_ge_e2_head_threshold,existing_stage_e_min_z_ne_ge_e2_head_threshold,local_peak_Eabs_within_4_min_dx_of_primary_connected_leading_edge_head,positive_hv_needle,"0,0,-1",1.0,100000000000000.0,3.125e-06,7.8125e-07,496,1029,5.101562500000003e-05,True,5.101562500000003e-05,-4.687500000000004e-07,4.6875e-07,5.414062500000003e-05,e3_misaligned_needle_pair_500V_er_headlocal,head_local
misaligned_needle,1e-13,results_raw/e3_misaligned_needle_pair_500V_er_headlocal_head_local_000001.csv,-1.4473305740562619e-06,-1.4472542059309814e-06,5.17584103955901e-05,59336.84931560493,-49022.19900723139,-4466147.971333193,4466811.137660266,0.013283939590668661,-0.010974764210180918,-0.9998515347287729,nan,nan,nan,0.9873143324390765,nan,nan,True,VALID,True,VALID,False,INSUFFICIENT_SPATIAL_DISPLACEMENT,7.238746874011616e-07,7.8125e-07,0.9265595998734868,1.0,1e-13,nan,nan,primary_connected_active_component_leading_edge_ne_ge_e2_head_threshold,existing_stage_e_min_z_ne_ge_e2_head_threshold,local_peak_Eabs_within_4_min_dx_of_primary_connected_leading_edge_head,positive_hv_needle,"0,0,-1",1.0,100000000000000.0,3.125e-06,7.8125e-07,496,1036,5.101562500000003e-05,True,5.101562500000003e-05,-4.687500000000004e-07,-4.687500000000004e-07,5.414062500000003e-05,e3_misaligned_needle_pair_500V_er_headlocal,head_local
misaligned_needle,2e-13,results_raw/e3_misaligned_needle_pair_500V_er_headlocal_head_local_000002.csv,-1.4477217955893618e-06,-1.4475696779524681e-06,5.1758399707062846e-05,59336.758563191936,-49022.28060682319,-4466148.646731526,4466811.812648314,0.013283917266264223,-0.010974780819736062,-0.9998515348430596,nan,nan,nan,0.9873139524185462,nan,nan,True,VALID,True,VALID,False,INSUFFICIENT_SPATIAL_DISPLACEMENT,7.236605167933971e-07,7.8125e-07,0.9262854614955482,1.0,2e-13,nan,nan,primary_connected_active_component_leading_edge_ne_ge_e2_head_threshold,existing_stage_e_min_z_ne_ge_e2_head_threshold,local_peak_Eabs_within_4_min_dx_of_primary_connected_leading_edge_head,positive_hv_needle,"0,0,-1",1.0,100000000000000.0,3.125e-06,7.8125e-07,512,1038,5.101562500000003e-05,True,5.101562500000003e-05,-4.687500000000004e-07,-4.687500000000004e-07,5.414062500000003e-05,e3_misaligned_needle_pair_500V_er_headlocal,head_local
misaligned_needle,3.0000000000000003e-13,results_raw/e3_misaligned_needle_pair_500V_er_headlocal_head_local_000003.csv,-1.4481105813549618e-06,-1.447883316452353e-06,5.175838910167297e-05,50269.52608371479,-55060.158853757464,-4640044.848049255,4640643.795666084,0.010832446595160288,-0.011864767320684767,-0.999870934369626,nan,nan,nan,0.92055047162423,nan,nan,True,VALID,True,VALID,False,INSUFFICIENT_SPATIAL_DISPLACEMENT,7.234479071062516e-07,8.82221277075965e-07,0.8200299923665954,1.0,3.0000000000000003e-13,nan,nan,primary_connected_active_component_leading_edge_ne_ge_e2_head_threshold,existing_stage_e_min_z_ne_ge_e2_head_threshold,local_peak_Eabs_within_4_min_dx_of_primary_connected_leading_edge_head,positive_hv_needle,"0,0,-1",1.0,100000000000000.0,3.52888510830386e-06,8.82221277075965e-07,512,1046,5.101562500000003e-05,True,5.101562500000003e-05,-4.687500000000004e-07,-4.687500000000004e-07,5.492187500000003e-05,e3_misaligned_needle_pair_500V_er_headlocal,head_local
misaligned_needle,4e-13,results_raw/e3_misaligned_needle_pair_500V_er_headlocal_head_local_000004.csv,-1.4484969632818486e-06,-1.4481951378152552e-06,5.175837857940113e-05,59336.579901021956,-49022.44143859207,-4466149.9865090065,4466813.151618651,0.013283873286600315,-0.010974813535871245,-0.9998515350682613,nan,nan,nan,0.9873132035882584,nan,nan,True,VALID,True,VALID,False,INSUFFICIENT_SPATIAL_DISPLACEMENT,7.232368381421257e-07,7.8125e-07,0.9257431528219209,1.0,4e-13,nan,nan,primary_connected_active_component_leading_edge_ne_ge_e2_head_threshold,existing_stage_e_min_z_ne_ge_e2_head_threshold,local_peak_Eabs_within_4_min_dx_of_primary_connected_leading_edge_head,positive_hv_needle,"0,0,-1",1.0,100000000000000.0,3.125e-06,7.8125e-07,512,1050,5.101562500000003e-05,True,5.101562500000003e-05,-4.687500000000004e-07,-4.687500000000004e-07,5.414062500000003e-05,e3_misaligned_needle_pair_500V_er_headlocal,head_local
misaligned_needle,5e-13,results_raw/e3_misaligned_needle_pair_500V_er_headlocal_head_local_000005.csv,-1.4488809723625568e-06,-1.4485051582549155e-06,5.175836814022654e-05,59336.491908319054,-49022.520744529174,-4466150.651189309,4466813.815901757,0.013283851611876563,-0.01097482965822531,-0.9998515351792618,nan,nan,nan,0.987312834494251,nan,nan,True,VALID,True,VALID,False,INSUFFICIENT_SPATIAL_DISPLACEMENT,7.230272901563432e-07,7.8125e-07,0.9254749314001193,1.0,5e-13,nan,nan,primary_connected_active_component_leading_edge_ne_ge_e2_head_threshold,existing_stage_e_min_z_ne_ge_e2_head_threshold,local_peak_Eabs_within_4_min_dx_of_primary_connected_leading_edge_head,positive_hv_needle,"0,0,-1",1.0,100000000000000.0,3.125e-06,7.8125e-07,512,1052,5.101562500000003e-05,True,5.101562500000003e-05,-4.687500000000004e-07,-4.687500000000004e-07,5.414062500000003e-05,e3_misaligned_needle_pair_500V_er_headlocal,head_local
misaligned_needle,6e-13,results_raw/e3_misaligned_needle_pair_500V_er_headlocal_head_local_000006.csv,-1.4492626386845725e-06,-1.4488133937988401e-06,5.175835778411466e-05,59336.40479133828,-49022.5993242954,-4466151.312470719,4466814.476790143,0.013283830143305498,-0.010974845626345127,-0.9998515352892157,nan,nan,nan,0.9873124688806081,nan,nan,True,VALID,True,VALID,False,INSUFFICIENT_SPATIAL_DISPLACEMENT,7.228192438598253e-07,7.8125e-07,0.9252086321405764,1.0,6e-13,nan,nan,primary_connected_active_component_leading_edge_ne_ge_e2_head_threshold,existing_stage_e_min_z_ne_ge_e2_head_threshold,local_peak_Eabs_within_4_min_dx_of_primary_connected_leading_edge_head,positive_hv_needle,"0,0,-1",1.0,100000000000000.0,3.125e-06,7.8125e-07,512,1054,5.101562500000003e-05,True,5.101562500000003e-05,-4.687500000000004e-07,-4.687500000000004e-07,5.414062500000003e-05,e3_misaligned_needle_pair_500V_er_headlocal,head_local
misaligned_needle,6.999999999999999e-13,results_raw/e3_misaligned_needle_pair_500V_er_headlocal_head_local_000007.csv,-1.4496419914620849e-06,-1.4491198602765989e-06,5.175834751100763e-05,50269.07945757557,-55060.56287182825,-4640047.55276157,4640646.499984879,0.0108323440403701,-0.011864847467267257,-0.9998709345296369,nan,nan,nan,0.9205499009792129,nan,nan,True,VALID,True,VALID,False,INSUFFICIENT_SPATIAL_DISPLACEMENT,7.226126804181446e-07,8.82221277075965e-07,0.8190832608494467,1.0,6.999999999999999e-13,nan,nan,primary_connected_active_component_leading_edge_ne_ge_e2_head_threshold,existing_stage_e_min_z_ne_ge_e2_head_threshold,local_peak_Eabs_within_4_min_dx_of_primary_connected_leading_edge_head,positive_hv_needle,"0,0,-1",1.0,100000000000000.0,3.52888510830386e-06,8.82221277075965e-07,520,1059,5.101562500000003e-05,True,5.101562500000003e-05,-4.687500000000004e-07,-4.687500000000004e-07,5.492187500000003e-05,e3_misaligned_needle_pair_500V_er_headlocal,head_local
misaligned_needle,7.999999999999999e-13,results_raw/e3_misaligned_needle_pair_500V_er_headlocal_head_local_000008.csv,-1.450019059067941e-06,-1.4494245733112083e-06,5.175833732081692e-05,50268.970570778045,-55060.661562189736,-4640048.222718395,4640647.169846686,0.010832319013048087,-0.011864867021124726,-0.9998709345687424,nan,nan,nan,0.9205497615176741,nan,nan,True,VALID,True,VALID,False,INSUFFICIENT_SPATIAL_DISPLACEMENT,7.224075814476848e-07,8.82221277075965e-07,0.8188507806590577,1.0,7.999999999999999e-13,nan,nan,primary_connected_active_component_leading_edge_ne_ge_e2_head_threshold,existing_stage_e_min_z_ne_ge_e2_head_threshold,local_peak_Eabs_within_4_min_dx_of_primary_connected_leading_edge_head,positive_hv_needle,"0,0,-1",1.0,100000000000000.0,3.52888510830386e-06,8.82221277075965e-07,520,1065,5.101562500000003e-05,True,5.101562500000003e-05,-4.687500000000004e-07,-4.687500000000004e-07,5.492187500000003e-05,e3_misaligned_needle_pair_500V_er_headlocal,head_local
misaligned_needle,8.999999999999999e-13,results_raw/e3_misaligned_needle_pair_500V_er_headlocal_head_local_000009.csv,-1.4503938690655532e-06,-1.4497275483131433e-06,5.175832721341818e-05,50268.862757790586,-55060.759355668175,-4640048.89030697,4640647.837341542,0.010832294222650555,-0.011864886387761429,-0.9998709346075019,nan,nan,nan,0.9205496232902524,nan,nan,True,VALID,True,VALID,False,INSUFFICIENT_SPATIAL_DISPLACEMENT,7.222039290091228e-07,8.82221277075965e-07,0.8186199401161534,1.0,8.999999999999999e-13,nan,nan,primary_connected_active_component_leading_edge_ne_ge_e2_head_threshold,existing_stage_e_min_z_ne_ge_e2_head_threshold,local_peak_Eabs_within_4_min_dx_of_primary_connected_leading_edge_head,positive_hv_needle,"0,0,-1",1.0,100000000000000.0,3.52888510830386e-06,8.82221277075965e-07,520,1068,5.101562500000003e-05,True,5.101562500000003e-05,-4.687500000000004e-07,-4.687500000000004e-07,5.492187500000003e-05,e3_misaligned_needle_pair_500V_er_headlocal,head_local
misaligned_needle,1e-12,results_raw/e3_misaligned_needle_pair_500V_er_headlocal_head_local_000010.csv,-1.4507664482405262e-06,-1.450028800476555e-06,5.175831718864748e-05,59336.06482570516,-49022.90659104741,-4466153.924831595,4466817.08761936,0.013283746269836399,-0.010974908000357525,-0.9998515357188897,nan,nan,nan,0.9873110401458832,nan,nan,True,VALID,True,VALID,False,INSUFFICIENT_SPATIAL_DISPLACEMENT,7.220017055992144e-07,7.8125e-07,0.9241621831669944,1.0,1e-12,nan,nan,primary_connected_active_component_leading_edge_ne_ge_e2_head_threshold,existing_stage_e_min_z_ne_ge_e2_head_threshold,local_peak_Eabs_within_4_min_dx_of_primary_connected_leading_edge_head,positive_hv_needle,"0,0,-1",1.0,100000000000000.0,3.125e-06,7.8125e-07,518,1074,5.101562500000003e-05,True,5.101562500000003e-05,-4.687500000000004e-07,-4.687500000000004e-07,5.414062500000003e-05,e3_misaligned_needle_pair_500V_er_headlocal,head_local
misaligned_needle,1.1e-12,results_raw/e3_misaligned_needle_pair_500V_er_headlocal_head_local_000011.csv,-1.4511368226318238e-06,-1.4503283447773321e-06,5.1758307246299015e-05,59335.98189928186,-49022.981694937094,-4466154.570023026,4466817.732437689,0.013283725787239648,-0.010974923229783018,-0.9998515358238491,nan,nan,nan,0.9873106911389333,nan,nan,True,VALID,True,VALID,False,INSUFFICIENT_SPATIAL_DISPLACEMENT,7.218008941409147e-07,7.8125e-07,0.9239051445003708,1.0,1.1e-12,nan,nan,primary_connected_active_component_leading_edge_ne_ge_e2_head_threshold,existing_stage_e_min_z_ne_ge_e2_head_threshold,local_peak_Eabs_within_4_min_dx_of_primary_connected_leading_edge_head,positive_hv_needle,"0,0,-1",1.0,100000000000000.0,3.125e-06,7.8125e-07,512,1076,5.101562500000003e-05,True,5.101562500000003e-05,-4.687500000000004e-07,-4.687500000000004e-07,5.414062500000003e-05,e3_misaligned_needle_pair_500V_er_headlocal,head_local
misaligned_needle,1.2e-12,results_raw/e3_misaligned_needle_pair_500V_er_headlocal_head_local_000012.csv,-1.451505017562331e-06,-1.4506261959727066e-06,5.1758297386123954e-05,59335.89977712473,-49023.05613122735,-4466155.212139637,4466818.374185014,0.013283705493835032,-0.010974938317292064,-0.9998515359278521,nan,nan,nan,0.9873103453118678,nan,nan,True,VALID,True,VALID,False,INSUFFICIENT_SPATIAL_DISPLACEMENT,7.216014779723311e-07,7.8125e-07,0.9236498918045838,1.0,1.2e-12,nan,nan,primary_connected_active_component_leading_edge_ne_ge_e2_head_threshold,existing_stage_e_min_z_ne_ge_e2_head_threshold,local_peak_Eabs_within_4_min_dx_of_primary_connected_leading_edge_head,positive_hv_needle,"0,0,-1",1.0,100000000000000.0,3.125e-06,7.8125e-07,512,1081,5.101562500000003e-05,True,5.101562500000003e-05,-4.687500000000004e-07,-4.687500000000004e-07,5.414062500000003e-05,e3_misaligned_needle_pair_500V_er_headlocal,head_local
misaligned_needle,1.3e-12,results_raw/e3_misaligned_needle_pair_500V_er_headlocal_head_local_000013.csv,-1.451871057668688e-06,-1.4509223686021252e-06,5.1758287607829996e-05,59335.81845189717,-49023.12990579958,-4466155.851196817,4466819.012876689,0.013283685387934294,-0.010974953264163718,-0.9998515360309069,nan,nan,nan,0.9873100026377405,nan,nan,True,VALID,True,VALID,False,INSUFFICIENT_SPATIAL_DISPLACEMENT,7.214034408349747e-07,7.8125e-07,0.9233964042687676,1.0,1.3e-12,nan,nan,primary_connected_active_component_leading_edge_ne_ge_e2_head_threshold,existing_stage_e_min_z_ne_ge_e2_head_threshold,local_peak_Eabs_within_4_min_dx_of_primary_connected_leading_edge_head,positive_hv_needle,"0,0,-1",1.0,100000000000000.0,3.125e-06,7.8125e-07,516,1082,5.101562500000003e-05,True,5.101562500000003e-05,-4.687500000000004e-07,-4.687500000000004e-07,5.414062500000003e-05,e3_misaligned_needle_pair_500V_er_headlocal,head_local
misaligned_needle,1.3999999999999999e-12,results_raw/e3_misaligned_needle_pair_500V_er_headlocal_head_local_000014.csv,-1.754435206569902e-06,-1.7531055913190168e-06,5.2362711984008816e-05,-81814.19072977103,-183701.8557251516,-4795913.520768881,4800127.751664053,-0.017044169439325574,-0.03827020138400858,-0.9991220585965215,nan,nan,nan,2.4010553654134283,nan,nan,True,VALID,True,VALID,False,INSUFFICIENT_SPATIAL_DISPLACEMENT,1.1759305908377143e-07,8.82221277075965e-07,0.13329202337255114,1.0,1.3999999999999999e-12,nan,nan,primary_connected_active_component_leading_edge_ne_ge_e2_head_threshold,existing_stage_e_min_z_ne_ge_e2_head_threshold,local_peak_Eabs_within_4_min_dx_of_primary_connected_leading_edge_head,positive_hv_needle,"0,0,-1",1.0,100000000000000.0,3.52888510830386e-06,8.82221277075965e-07,516,1088,5.179687500000003e-05,True,5.179687500000003e-05,-1.4062500000000003e-06,-1.4062500000000003e-06,5.5703125000000034e-05,e3_misaligned_needle_pair_500V_er_headlocal,head_local
misaligned_needle,1.4999999999999999e-12,results_raw/e3_misaligned_needle_pair_500V_er_headlocal_head_local_000015.csv,-1.7551261636544294e-06,-1.7537058520313899e-06,5.2362638387106433e-05,-81814.49948412289,-183702.1545587656,-4795914.022890319,4800128.270043559,-0.017044231920781663,-0.03827025950643993,-0.9991220553043259,nan,nan,nan,2.4010598679312265,nan,nan,True,VALID,True,VALID,False,INSUFFICIENT_SPATIAL_DISPLACEMENT,1.1846888112532094e-07,8.82221277075965e-07,0.1342847698232515,1.0,1.4999999999999999e-12,nan,nan,primary_connected_active_component_leading_edge_ne_ge_e2_head_threshold,existing_stage_e_min_z_ne_ge_e2_head_threshold,local_peak_Eabs_within_4_min_dx_of_primary_connected_leading_edge_head,positive_hv_needle,"0,0,-1",1.0,100000000000000.0,3.52888510830386e-06,8.82221277075965e-07,516,1090,5.179687500000003e-05,True,5.179687500000003e-05,-1.4062500000000003e-06,-1.4062500000000003e-06,5.5703125000000034e-05,e3_misaligned_needle_pair_500V_er_headlocal,head_local
misaligned_needle,1.5999999999999998e-12,results_raw/e3_misaligned_needle_pair_500V_er_headlocal_head_local_000016.csv,-1.7558132829865373e-06,-1.754302788712189e-06,5.23625653543653e-05,-81814.80561615899,-183702.45093947236,-4795914.525258157,4800128.788530716,-0.017044293855540887,-0.03827031711699184,-0.9991220520410561,nan,nan,nan,2.401064330880713,nan,nan,True,VALID,True,VALID,False,INSUFFICIENT_SPATIAL_DISPLACEMENT,1.1934042137512913e-07,8.82221277075965e-07,0.13527266285242082,1.0,1.5999999999999998e-12,nan,nan,primary_connected_active_component_leading_edge_ne_ge_e2_head_threshold,existing_stage_e_min_z_ne_ge_e2_head_threshold,local_peak_Eabs_within_4_min_dx_of_primary_connected_leading_edge_head,positive_hv_needle,"0,0,-1",1.0,100000000000000.0,3.52888510830386e-06,8.82221277075965e-07,532,1092,5.179687500000003e-05,True,5.179687500000003e-05,-1.4062500000000003e-06,-1.4062500000000003e-06,5.5703125000000034e-05,e3_misaligned_needle_pair_500V_er_headlocal,head_local
misaligned_needle,1.6999999999999998e-12,results_raw/e3_misaligned_needle_pair_500V_er_headlocal_head_local_000017.csv,-1.7564965994697034e-06,-1.7548964275891967e-06,5.236249287959054e-05,-81815.1091562868,-183702.7448955875,-4795915.027855808,4800129.30711055,-0.0170443552499913,-0.03827037422168276,-0.9991220488063729,nan,nan,nan,2.401068754726122,nan,nan,True,VALID,True,VALID,False,INSUFFICIENT_SPATIAL_DISPLACEMENT,1.202076990749309e-07,8.82221277075965e-07,0.13625572427061317,1.0,1.6999999999999998e-12,nan,nan,primary_connected_active_component_leading_edge_ne_ge_e2_head_threshold,existing_stage_e_min_z_ne_ge_e2_head_threshold,local_peak_Eabs_within_4_min_dx_of_primary_connected_leading_edge_head,positive_hv_needle,"0,0,-1",1.0,100000000000000.0,3.52888510830386e-06,8.82221277075965e-07,532,1107,5.179687500000003e-05,True,5.179687500000003e-05,-1.4062500000000003e-06,-1.4062500000000003e-06,5.5703125000000034e-05,e3_misaligned_needle_pair_500V_er_headlocal,head_local
misaligned_needle,1.7999999999999998e-12,results_raw/e3_misaligned_needle_pair_500V_er_headlocal_head_local_000018.csv,-1.7571761473856288e-06,-1.7554867946270815e-06,5.236242095668965e-05,-81815.41013473179,-183703.03645454746,-4795915.53066908,4800129.825770447,-0.017044416110474674,-0.03827043082632919,-0.9991220455999458,nan,nan,nan,2.401073139919689,nan,nan,True,VALID,True,VALID,False,INSUFFICIENT_SPATIAL_DISPLACEMENT,1.2107073380263674e-07,8.82221277075965e-07,0.13723397626943853,1.0,1.7999999999999998e-12,nan,nan,primary_connected_active_component_leading_edge_ne_ge_e2_head_threshold,existing_stage_e_min_z_ne_ge_e2_head_threshold,local_peak_Eabs_within_4_min_dx_of_primary_connected_leading_edge_head,positive_hv_needle,"0,0,-1",1.0,100000000000000.0,3.52888510830386e-06,8.82221277075965e-07,532,1108,5.179687500000003e-05,True,5.179687500000003e-05,-1.4062500000000003e-06,-1.4062500000000003e-06,5.5703125000000034e-05,e3_misaligned_needle_pair_500V_er_headlocal,head_local
misaligned_needle,1.9e-12,results_raw/e3_misaligned_needle_pair_500V_er_headlocal_head_local_000019.csv,-1.7578519604178045e-06,-1.7560739155306487e-06,5.236234957966895e-05,50591.80573907725,-164132.39550047365,-4624395.32092645,4627583.717045766,0.01093266136984657,-0.035468271464412365,-0.9993110019581987,nan,nan,nan,2.1270199478202394,nan,nan,True,VALID,True,VALID,False,INSUFFICIENT_SPATIAL_DISPLACEMENT,1.2192954544394002e-07,7.8125e-07,0.15606981816824322,1.0,1.9e-12,nan,nan,primary_connected_active_component_leading_edge_ne_ge_e2_head_threshold,existing_stage_e_min_z_ne_ge_e2_head_threshold,local_peak_Eabs_within_4_min_dx_of_primary_connected_leading_edge_head,positive_hv_needle,"0,0,-1",1.0,100000000000000.0,3.125e-06,7.8125e-07,534,1109,5.179687500000003e-05,True,5.179687500000003e-05,-4.687500000000004e-07,-1.4062500000000003e-06,5.492187500000003e-05,e3_misaligned_needle_pair_500V_er_headlocal,head_local
misaligned_needle,2e-12,results_raw/e3_misaligned_needle_pair_500V_er_headlocal_head_local_000020.csv,-1.7585240716738631e-06,-1.7566578157480917e-06,5.2362278742629995e-05,50591.71479391201,-164132.64508246357,-4624395.915225394,4627584.318793215,0.010932640295381017,-0.03546832078583632,-0.9993110004382044,nan,nan,nan,2.127022294291092,nan,nan,True,VALID,True,VALID,False,INSUFFICIENT_SPATIAL_DISPLACEMENT,1.2278415416591176e-07,7.8125e-07,0.15716371733236703,1.0,2e-12,nan,nan,primary_connected_active_component_leading_edge_ne_ge_e2_head_threshold,existing_stage_e_min_z_ne_ge_e2_head_threshold,local_peak_Eabs_within_4_min_dx_of_primary_connected_leading_edge_head,positive_hv_needle,"0,0,-1",1.0,100000000000000.0,3.125e-06,7.8125e-07,540,1112,5.179687500000003e-05,True,5.179687500000003e-05,-4.687500000000004e-07,-1.4062500000000003e-06,5.492187500000003e-05,e3_misaligned_needle_pair_500V_er_headlocal,head_local
misaligned_needle,2.1e-12,results_raw/e3_misaligned_needle_pair_500V_er_headlocal_head_local_000021.csv,-1.7591925137067976e-06,-1.7572385204742426e-06,5.236220843976634e-05,50591.62469845736,-164132.89252717127,-4624396.507742021,4627584.918693072,0.010932619408904441,-0.03546836965955146,-0.9993109989320409,nan,nan,nan,2.1270246194084117,nan,nan,True,VALID,True,VALID,False,INSUFFICIENT_SPATIAL_DISPLACEMENT,1.2363458039230603e-07,7.8125e-07,0.15825226290215172,1.0,2.1e-12,nan,nan,primary_connected_active_component_leading_edge_ne_ge_e2_head_threshold,existing_stage_e_min_z_ne_ge_e2_head_threshold,local_peak_Eabs_within_4_min_dx_of_primary_connected_leading_edge_head,positive_hv_needle,"0,0,-1",1.0,100000000000000.0,3.125e-06,7.8125e-07,540,1118,5.179687500000003e-05,True,5.179687500000003e-05,-4.687500000000004e-07,-1.4062500000000003e-06,5.492187500000003e-05,e3_misaligned_needle_pair_500V_er_headlocal,head_local
misaligned_needle,2.2e-12,results_raw/e3_misaligned_needle_pair_500V_er_headlocal_head_local_000022.csv,-1.7598573185350862e-06,-1.7578160546537992e-06,5.2362138665359974e-05,50591.535442405686,-164133.13786054763,-4624397.098495683,4627585.516765483,0.010932598708141728,-0.0354684180910115,-0.9993109974395398,nan,nan,nan,2.1270269234320933,nan,nan,True,VALID,True,VALID,False,INSUFFICIENT_SPATIAL_DISPLACEMENT,1.2448084478063748e-07,7.8125e-07,0.15933548131921596,1.0,2.2e-12,nan,nan,primary_connected_active_component_leading_edge_ne_ge_e2_head_threshold,existing_stage_e_min_z_ne_ge_e2_head_threshold,local_peak_Eabs_within_4_min_dx_of_primary_connected_leading_edge_head,positive_hv_needle,"0,0,-1",1.0,100000000000000.0,3.125e-06,7.8125e-07,540,1121,5.179687500000003e-05,True,5.179687500000003e-05,-4.687500000000004e-07,-1.4062500000000003e-06,5.492187500000003e-05,e3_misaligned_needle_pair_500V_er_headlocal,head_local
misaligned_needle,2.3e-12,results_raw/e3_misaligned_needle_pair_500V_er_headlocal_head_local_000023.csv,-1.7605185176617789e-06,-1.7583904429845287e-06,5.236206941377808e-05,50591.447015176534,-164133.3811081798,-4624397.687505661,4627586.113030507,0.010932578190758999,-0.03546846608559216,-0.9993109959605357,nan,nan,nan,2.1270292066174035,nan,nan,True,VALID,True,VALID,False,INSUFFICIENT_SPATIAL_DISPLACEMENT,1.253229682006998e-07,7.8125e-07,0.16041339929689574,1.0,2.3e-12,nan,nan,primary_connected_active_component_leading_edge_ne_ge_e2_head_threshold,existing_stage_e_min_z_ne_ge_e2_head_threshold,local_peak_Eabs_within_4_min_dx_of_primary_connected_leading_edge_head,positive_hv_needle,"0,0,-1",1.0,100000000000000.0,3.125e-06,7.8125e-07,540,1125,5.179687500000003e-05,True,5.179687500000003e-05,-4.687500000000004e-07,-1.4062500000000003e-06,5.492187500000003e-05,e3_misaligned_needle_pair_500V_er_headlocal,head_local
misaligned_needle,2.4e-12,results_raw/e3_misaligned_needle_pair_500V_er_headlocal_head_local_000024.csv,-1.7611761420926275e-06,-1.758961709920442e-06,5.236200067947011e-05,50591.359406644195,-164133.62229520016,-4624398.274790909,4627586.707507866,0.010932557854521453,-0.03546851364857352,-0.9993109944948662,nan,nan,nan,2.127031469215493,nan,nan,True,VALID,True,VALID,False,INSUFFICIENT_SPATIAL_DISPLACEMENT,1.261609717144202e-07,7.8125e-07,0.16148604379445786,1.0,2.4e-12,nan,nan,primary_connected_active_component_leading_edge_ne_ge_e2_head_threshold,existing_stage_e_min_z_ne_ge_e2_head_threshold,local_peak_Eabs_within_4_min_dx_of_primary_connected_leading_edge_head,positive_hv_needle,"0,0,-1",1.0,100000000000000.0,3.125e-06,7.8125e-07,540,1127,5.179687500000003e-05,True,5.179687500000003e-05,-4.687500000000004e-07,-1.4062500000000003e-06,5.492187500000003e-05,e3_misaligned_needle_pair_500V_er_headlocal,head_local
misaligned_needle,2.5e-12,results_raw/e3_misaligned_needle_pair_500V_er_headlocal_head_local_000025.csv,-1.7429940640088356e-06,-1.7407034944030971e-06,5.238018198359123e-05,50267.27382831572,-55062.210119346375,-4640059.260975976,4640658.20667395,0.010831927625271773,-0.01186517249647018,-0.9998709351839115,nan,nan,nan,0.9205475676437908,nan,nan,True,VALID,True,VALID,False,INSUFFICIENT_SPATIAL_DISPLACEMENT,9.60353321441129e-08,7.8125e-07,0.12292522514446451,1.0,2.5e-12,nan,nan,primary_connected_active_component_leading_edge_ne_ge_e2_head_threshold,existing_stage_e_min_z_ne_ge_e2_head_threshold,local_peak_Eabs_within_4_min_dx_of_primary_connected_leading_edge_head,positive_hv_needle,"0,0,-1",1.0,100000000000000.0,3.125e-06,7.8125e-07,542,1129,5.179687500000003e-05,True,5.179687500000003e-05,-4.687500000000004e-07,-4.687500000000004e-07,5.492187500000003e-05,e3_misaligned_needle_pair_500V_er_headlocal,head_local
misaligned_needle,2.6e-12,results_raw/e3_misaligned_needle_pair_500V_er_headlocal_head_local_000026.csv,-1.7436396156175615e-06,-1.7412640508015843e-06,5.2380135756625834e-05,50267.182420914956,-55062.29416050701,-4640059.89057041,4640658.836194171,0.010831906458812074,-0.011865188996669251,-0.9998709352174114,nan,nan,nan,0.9205474481728461,nan,nan,True,VALID,True,VALID,False,INSUFFICIENT_SPATIAL_DISPLACEMENT,9.686909861107301e-08,7.8125e-07,0.12399244622217345,1.0,2.6e-12,nan,nan,primary_connected_active_component_leading_edge_ne_ge_e2_head_threshold,existing_stage_e_min_z_ne_ge_e2_head_threshold,local_peak_Eabs_within_4_min_dx_of_primary_connected_leading_edge_head,positive_hv_needle,"0,0,-1",1.0,100000000000000.0,3.125e-06,7.8125e-07,544,1131,5.179687500000003e-05,True,5.179687500000003e-05,-4.687500000000004e-07,-4.687500000000004e-07,5.492187500000003e-05,e3_misaligned_needle_pair_500V_er_headlocal,head_local
misaligned_needle,2.7e-12,results_raw/e3_misaligned_needle_pair_500V_er_headlocal_head_local_000027.csv,-1.7442817504937375e-06,-1.7418216273075627e-06,5.238008992137955e-05,50267.091873835554,-55062.37747786145,-4640060.518113895,4640659.463664443,0.010831885482530694,-0.011865205346134595,-0.999870935250639,nan,nan,nan,0.9205473296735196,nan,nan,True,VALID,True,VALID,False,INSUFFICIENT_SPATIAL_DISPLACEMENT,9.769878977143864e-08,7.8125e-07,0.12505445090744147,1.0,2.7e-12,nan,nan,primary_connected_active_component_leading_edge_ne_ge_e2_head_threshold,existing_stage_e_min_z_ne_ge_e2_head_threshold,local_peak_Eabs_within_4_min_dx_of_primary_connected_leading_edge_head,positive_hv_needle,"0,0,-1",1.0,100000000000000.0,3.125e-06,7.8125e-07,552,1133,5.179687500000003e-05,True,5.179687500000003e-05,-4.687500000000004e-07,-4.687500000000004e-07,5.492187500000003e-05,e3_misaligned_needle_pair_500V_er_headlocal,head_local
misaligned_needle,2.7999999999999998e-12,results_raw/e3_misaligned_needle_pair_500V_er_headlocal_head_local_000028.csv,-1.7449204970645085e-06,-1.7423762463602402e-06,5.23800444734813e-05,-81818.28528883368,-183705.82598096615,-4795920.567975299,4800135.014417352,-0.017044996660112676,-0.038270970593368744,-0.999122015020537,nan,nan,nan,2.401114960716481,nan,nan,True,VALID,True,VALID,False,INSUFFICIENT_SPATIAL_DISPLACEMENT,9.852442645292392e-08,8.82221277075965e-07,0.11167768111360153,1.0,2.7999999999999998e-12,nan,nan,primary_connected_active_component_leading_edge_ne_ge_e2_head_threshold,existing_stage_e_min_z_ne_ge_e2_head_threshold,local_peak_Eabs_within_4_min_dx_of_primary_connected_leading_edge_head,positive_hv_needle,"0,0,-1",1.0,100000000000000.0,3.52888510830386e-06,8.82221277075965e-07,554,1136,5.179687500000003e-05,True,5.179687500000003e-05,-1.4062500000000003e-06,-1.4062500000000003e-06,5.5703125000000034e-05,e3_misaligned_needle_pair_500V_er_headlocal,head_local
misaligned_needle,2.8999999999999998e-12,results_raw/e3_misaligned_needle_pair_500V_er_headlocal_head_local_000029.csv,-1.7455558833438024e-06,-1.7429279301962115e-06,5.237999940861492e-05,-81818.55994104505,-183706.09288134196,-4795921.072391792,4800135.533286971,-0.017045052035232527,-0.038271022059151366,-0.9991220121044597,nan,nan,nan,2.4011189487436235,nan,nan,True,VALID,True,VALID,False,INSUFFICIENT_SPATIAL_DISPLACEMENT,9.934602971830617e-08,8.82221277075965e-07,0.11260897044739018,1.0,2.8999999999999998e-12,nan,nan,primary_connected_active_component_leading_edge_ne_ge_e2_head_threshold,existing_stage_e_min_z_ne_ge_e2_head_threshold,local_peak_Eabs_within_4_min_dx_of_primary_connected_leading_edge_head,positive_hv_needle,"0,0,-1",1.0,100000000000000.0,3.52888510830386e-06,8.82221277075965e-07,554,1141,5.179687500000003e-05,True,5.179687500000003e-05,-1.4062500000000003e-06,-1.4062500000000003e-06,5.5703125000000034e-05,e3_misaligned_needle_pair_500V_er_headlocal,head_local
misaligned_needle,2.9999999999999997e-12,results_raw/e3_misaligned_needle_pair_500V_er_headlocal_head_local_000030.csv,-1.7461879369454857e-06,-1.7434767008512136e-06,5.237995472251753e-05,-81818.83235962839,-183706.3576877275,-4795921.576897126,4800136.0521271685,-0.017045106945118894,-0.03827107308892182,-0.9991220092130149,nan,nan,nan,2.4011229030769514,nan,nan,True,VALID,True,VALID,False,INSUFFICIENT_SPATIAL_DISPLACEMENT,1.0016362083972702e-07,8.82221277075965e-07,0.11353571200607337,1.0,2.9999999999999997e-12,nan,nan,primary_connected_active_component_leading_edge_ne_ge_e2_head_threshold,existing_stage_e_min_z_ne_ge_e2_head_threshold,local_peak_Eabs_within_4_min_dx_of_primary_connected_leading_edge_head,positive_hv_needle,"0,0,-1",1.0,100000000000000.0,3.52888510830386e-06,8.82221277075965e-07,556,1141,5.179687500000003e-05,True,5.179687500000003e-05,-1.4062500000000003e-06,-1.4062500000000003e-06,5.5703125000000034e-05,e3_misaligned_needle_pair_500V_er_headlocal,head_local
misaligned_needle,3.0999999999999997e-12,results_raw/e3_misaligned_needle_pair_500V_er_headlocal_head_local_000031.csv,-1.746816685095857e-06,-1.7440225801618954e-06,5.237991041097775e-05,-81819.10257350562,-183706.62042683156,-4795922.081490098,4800136.5709382575,-0.017045161395796052,-0.03827112368824193,-0.9991220063458869,nan,nan,nan,2.401126824148141,nan,nan,True,VALID,True,VALID,False,INSUFFICIENT_SPATIAL_DISPLACEMENT,1.0097722127489095e-07,8.82221277075965e-07,0.1144579301120122,1.0,3.0999999999999997e-12,nan,nan,primary_connected_active_component_leading_edge_ne_ge_e2_head_threshold,existing_stage_e_min_z_ne_ge_e2_head_threshold,local_peak_Eabs_within_4_min_dx_of_primary_connected_leading_edge_head,positive_hv_needle,"0,0,-1",1.0,100000000000000.0,3.52888510830386e-06,8.82221277075965e-07,560,1142,5.179687500000003e-05,True,5.179687500000003e-05,-1.4062500000000003e-06,-1.4062500000000003e-06,5.5703125000000034e-05,e3_misaligned_needle_pair_500V_er_headlocal,head_local
misaligned_needle,3.1999999999999997e-12,results_raw/e3_misaligned_needle_pair_500V_er_headlocal_head_local_000032.csv,-1.7474421546455073e-06,-1.7445655897675918e-06,5.2379866469834244e-05,-81819.37061244753,-183706.88112648472,-4795922.586176129,4800137.089727227,-0.0170452153934414,-0.038271173862854,-0.9991220035027506,nan,nan,nan,2.4011307124020753,nan,nan,True,VALID,True,VALID,False,INSUFFICIENT_SPATIAL_DISPLACEMENT,1.0178685264491384e-07,8.82221277075965e-07,0.115375649272795,1.0,3.1999999999999997e-12,nan,nan,primary_connected_active_component_leading_edge_ne_ge_e2_head_threshold,existing_stage_e_min_z_ne_ge_e2_head_threshold,local_peak_Eabs_within_4_min_dx_of_primary_connected_leading_edge_head,positive_hv_needle,"0,0,-1",1.0,100000000000000.0,3.52888510830386e-06,8.82221277075965e-07,564,1150,5.179687500000003e-05,True,5.179687500000003e-05,-1.4062500000000003e-06,-1.4062500000000003e-06,5.5703125000000034e-05,e3_misaligned_needle_pair_500V_er_headlocal,head_local
misaligned_needle,3.2999999999999997e-12,results_raw/e3_misaligned_needle_pair_500V_er_headlocal_head_local_000033.csv,-1.7480643720805973e-06,-1.7451057511121133e-06,5.237982289497436e-05,-81819.63650634619,-183707.13981472971,-4795923.090966824,4800137.608507251,-0.01704526894423564,-0.038271223618495186,-0.9991220006832809,nan,nan,nan,2.4011345682834797,nan,nan,True,VALID,True,VALID,False,INSUFFICIENT_SPATIAL_DISPLACEMENT,1.0259253671375425e-07,8.82221277075965e-07,0.11628889415792266,1.0,3.2999999999999997e-12,nan,nan,primary_connected_active_component_leading_edge_ne_ge_e2_head_threshold,existing_stage_e_min_z_ne_ge_e2_head_threshold,local_peak_Eabs_within_4_min_dx_of_primary_connected_leading_edge_head,positive_hv_needle,"0,0,-1",1.0,100000000000000.0,3.52888510830386e-06,8.82221277075965e-07,564,1152,5.179687500000003e-05,True,5.179687500000003e-05,-1.4062500000000003e-06,-1.4062500000000003e-06,5.5703125000000034e-05,e3_misaligned_needle_pair_500V_er_headlocal,head_local
misaligned_needle,3.3999999999999996e-12,results_raw/e3_misaligned_needle_pair_500V_er_headlocal_head_local_000034.csv,-1.748683363533561e-06,-1.745643085445522e-06,5.237977968233288e-05,-81819.90028291088,-183707.3965172446,-4795923.595868953,4800138.127286551,-0.01704532205392233,-0.03827127296044953,-0.9991219978871774,nan,nan,nan,2.4011383922035217,nan,nan,True,VALID,True,VALID,False,INSUFFICIENT_SPATIAL_DISPLACEMENT,1.0339429536905214e-07,8.82221277075965e-07,0.11719768957708919,1.0,3.3999999999999996e-12,nan,nan,primary_connected_active_component_leading_edge_ne_ge_e2_head_threshold,existing_stage_e_min_z_ne_ge_e2_head_threshold,local_peak_Eabs_within_4_min_dx_of_primary_connected_leading_edge_head,positive_hv_needle,"0,0,-1",1.0,100000000000000.0,3.52888510830386e-06,8.82221277075965e-07,564,1161,5.179687500000003e-05,True,5.179687500000003e-05,-1.4062500000000003e-06,-1.4062500000000003e-06,5.5703125000000034e-05,e3_misaligned_needle_pair_500V_er_headlocal,head_local
misaligned_needle,3.4999999999999996e-12,results_raw/e3_misaligned_needle_pair_500V_er_headlocal_head_local_000035.csv,-1.7492991547932885e-06,-1.7461776138259222e-06,5.2379736827890587e-05,-81820.16196751647,-183707.65125779752,-4795924.100884076,4800138.646068026,-0.01704537472777759,-0.038271321893645585,-0.9991219951141614,nan,nan,nan,2.40114218454315,nan,nan,True,VALID,True,VALID,False,INSUFFICIENT_SPATIAL_DISPLACEMENT,1.0419215060440429e-07,8.82221277075965e-07,0.11810206046009097,1.0,3.4999999999999996e-12,nan,nan,primary_connected_active_component_leading_edge_ne_ge_e2_head_threshold,existing_stage_e_min_z_ne_ge_e2_head_threshold,local_peak_Eabs_within_4_min_dx_of_primary_connected_leading_edge_head,positive_hv_needle,"0,0,-1",1.0,100000000000000.0,3.52888510830386e-06,8.82221277075965e-07,564,1161,5.179687500000003e-05,True,5.179687500000003e-05,-1.4062500000000003e-06,-1.4062500000000003e-06,5.5703125000000034e-05,e3_misaligned_needle_pair_500V_er_headlocal,head_local
misaligned_needle,3.5999999999999996e-12,results_raw/e3_misaligned_needle_pair_500V_er_headlocal_head_local_000036.csv,-1.7499117713148316e-06,-1.7467093571212683e-06,5.237969432767352e-05,-81820.42158465872,-183707.9040592471,-4795924.606011758,4800139.164852532,-0.01704542697090166,-0.038271370422838756,-0.9991219923639644,nan,nan,nan,2.4011459456701,nan,nan,True,VALID,True,VALID,False,INSUFFICIENT_SPATIAL_DISPLACEMENT,1.0498612450273963e-07,8.82221277075965e-07,0.11900203183798258,1.0,3.5999999999999996e-12,nan,nan,primary_connected_active_component_leading_edge_ne_ge_e2_head_threshold,existing_stage_e_min_z_ne_ge_e2_head_threshold,local_peak_Eabs_within_4_min_dx_of_primary_connected_leading_edge_head,positive_hv_needle,"0,0,-1",1.0,100000000000000.0,3.52888510830386e-06,8.82221277075965e-07,564,1163,5.179687500000003e-05,True,5.179687500000003e-05,-1.4062500000000003e-06,-1.4062500000000003e-06,5.5703125000000034e-05,e3_misaligned_needle_pair_500V_er_headlocal,head_local
misaligned_needle,3.7e-12,results_raw/e3_misaligned_needle_pair_500V_er_headlocal_head_local_000037.csv,-1.773784730485522e-06,-1.7193968090651391e-06,5.239022928539572e-05,50266.23132625901,-55063.1728260972,-4640066.686483769,4640665.631353964,0.010831685650145256,-0.011865360963321964,-0.9998709355687795,nan,nan,nan,0.9205461950884276,nan,nan,True,VALID,True,VALID,False,INSUFFICIENT_SPATIAL_DISPLACEMENT,1.0659175156240407e-07,7.8125e-07,0.1364374419998772,1.0,3.7e-12,nan,nan,primary_connected_active_component_leading_edge_ne_ge_e2_head_threshold,existing_stage_e_min_z_ne_ge_e2_head_threshold,local_peak_Eabs_within_4_min_dx_of_primary_connected_leading_edge_head,positive_hv_needle,"0,0,-1",1.0,100000000000000.0,3.125e-06,7.8125e-07,564,1162,5.179687500000003e-05,True,5.179687500000003e-05,-4.687500000000004e-07,-4.687500000000004e-07,5.492187500000003e-05,e3_misaligned_needle_pair_500V_er_headlocal,head_local
misaligned_needle,3.8e-12,results_raw/e3_misaligned_needle_pair_500V_er_headlocal_head_local_000038.csv,-1.735041528150588e-06,-1.7318425305701106e-06,5.24126927853519e-05,50266.14952897338,-55063.24877311879,-4640067.2932569785,4640666.2380639985,0.010831666607841097,-0.011865375777614675,-0.9998709355992664,nan,nan,nan,0.9205460863627023,nan,nan,True,VALID,True,VALID,False,INSUFFICIENT_SPATIAL_DISPLACEMENT,8.098238420010038e-08,7.8125e-07,0.10365745177612849,1.0,3.8e-12,nan,nan,primary_connected_active_component_leading_edge_ne_ge_e2_head_threshold,existing_stage_e_min_z_ne_ge_e2_head_threshold,local_peak_Eabs_within_4_min_dx_of_primary_connected_leading_edge_head,positive_hv_needle,"0,0,-1",1.0,100000000000000.0,3.125e-06,7.8125e-07,564,1165,5.179687500000003e-05,True,5.179687500000003e-05,-4.687500000000004e-07,-4.687500000000004e-07,5.492187500000003e-05,e3_misaligned_needle_pair_500V_er_headlocal,head_local
misaligned_needle,3.9e-12,results_raw/e3_misaligned_needle_pair_500V_er_headlocal_head_local_000039.csv,-1.7356586689379996e-06,-1.732383750987137e-06,5.241268219946867e-05,50266.0684669839,-55063.324099834674,-4640067.898298584,4640666.843043259,0.010831647728027895,-0.011865390462661442,-0.9998709356295263,nan,nan,nan,0.9205459784466602,nan,nan,True,VALID,True,VALID,False,INSUFFICIENT_SPATIAL_DISPLACEMENT,8.179715192245741e-08,7.8125e-07,0.10470035446074548,1.0,3.9e-12,nan,nan,primary_connected_active_component_leading_edge_ne_ge_e2_head_threshold,existing_stage_e_min_z_ne_ge_e2_head_threshold,local_peak_Eabs_within_4_min_dx_of_primary_connected_leading_edge_head,positive_hv_needle,"0,0,-1",1.0,100000000000000.0,3.125e-06,7.8125e-07,564,1174,5.179687500000003e-05,True,5.179687500000003e-05,-4.687500000000004e-07,-4.687500000000004e-07,5.492187500000003e-05,e3_misaligned_needle_pair_500V_er_headlocal,head_local
misaligned_needle,4e-12,results_raw/e3_misaligned_needle_pair_500V_er_headlocal_head_local_000040.csv,-1.7362727269697042e-06,-1.7329222411080675e-06,5.241267179464429e-05,50265.988132923674,-55063.39881227784,-4640068.501614295,4640667.446297447,0.01083162900910479,-0.011865405019747779,-0.9998709356595612,nan,nan,nan,0.9205458713331744,nan,nan,True,VALID,True,VALID,False,INSUFFICIENT_SPATIAL_DISPLACEMENT,8.260796222201468e-08,7.8125e-07,0.10573819164417879,1.0,4e-12,nan,nan,primary_connected_active_component_leading_edge_ne_ge_e2_head_threshold,existing_stage_e_min_z_ne_ge_e2_head_threshold,local_peak_Eabs_within_4_min_dx_of_primary_connected_leading_edge_head,positive_hv_needle,"0,0,-1",1.0,100000000000000.0,3.125e-06,7.8125e-07,564,1175,5.179687500000003e-05,True,5.179687500000003e-05,-4.687500000000004e-07,-4.687500000000004e-07,5.492187500000003e-05,e3_misaligned_needle_pair_500V_er_headlocal,head_local
misaligned_needle,4.1e-12,results_raw/e3_misaligned_needle_pair_500V_er_headlocal_head_local_000041.csv,-1.7368837256686234e-06,-1.733458020638732e-06,5.2412661568268415e-05,50265.90852000179,-55063.47291578398,-4640069.103205532,4640668.047827971,0.010831610449605065,-0.011865419450019921,-0.9998709356893735,nan,nan,nan,0.9205457650135351,nan,nan,True,VALID,True,VALID,False,INSUFFICIENT_SPATIAL_DISPLACEMENT,8.341483963323885e-08,7.8125e-07,0.10677099473054572,1.0,4.1e-12,nan,nan,primary_connected_active_component_leading_edge_ne_ge_e2_head_threshold,existing_stage_e_min_z_ne_ge_e2_head_threshold,local_peak_Eabs_within_4_min_dx_of_primary_connected_leading_edge_head,positive_hv_needle,"0,0,-1",1.0,100000000000000.0,3.125e-06,7.8125e-07,568,1175,5.179687500000003e-05,True,5.179687500000003e-05,-4.687500000000004e-07,-4.687500000000004e-07,5.492187500000003e-05,e3_misaligned_needle_pair_500V_er_headlocal,head_local
misaligned_needle,4.2e-12,results_raw/e3_misaligned_needle_pair_500V_er_headlocal_head_local_000042.csv,-1.7253928748287864e-06,-1.684403938975787e-06,5.240934924093126e-05,50265.82962076039,-55063.546416628626,-4640069.703078115,4640668.647640647,0.010831592047907996,-0.011865433754815347,-0.9998709357189645,nan,nan,nan,0.920545659482991,nan,nan,True,VALID,True,VALID,False,INSUFFICIENT_SPATIAL_DISPLACEMENT,4.816690815083553e-08,7.8125e-07,0.06165364243306948,1.0,4.2e-12,nan,nan,primary_connected_active_component_leading_edge_ne_ge_e2_head_threshold,existing_stage_e_min_z_ne_ge_e2_head_threshold,local_peak_Eabs_within_4_min_dx_of_primary_connected_leading_edge_head,positive_hv_needle,"0,0,-1",1.0,100000000000000.0,3.125e-06,7.8125e-07,566,1180,5.179687500000003e-05,True,5.179687500000003e-05,-4.687500000000004e-07,-4.687500000000004e-07,5.492187500000003e-05,e3_misaligned_needle_pair_500V_er_headlocal,head_local
misaligned_needle,4.3e-12,results_raw/e3_misaligned_needle_pair_500V_er_headlocal_head_local_000043.csv,-1.6749105410540344e-06,-1.6713569999956292e-06,5.240587473927457e-05,50265.75142689278,-55063.61932108727,-4640070.301241939,4640669.245745349,0.010831573802200479,-0.011865447935461166,-0.9998709357483387,nan,nan,nan,0.9205455547253086,nan,nan,True,VALID,True,VALID,False,INSUFFICIENT_SPATIAL_DISPLACEMENT,4.625799692644043e-09,7.8125e-07,0.005921023606584374,1.0,4.3e-12,nan,nan,primary_connected_active_component_leading_edge_ne_ge_e2_head_threshold,existing_stage_e_min_z_ne_ge_e2_head_threshold,local_peak_Eabs_within_4_min_dx_of_primary_connected_leading_edge_head,positive_hv_needle,"0,0,-1",1.0,100000000000000.0,3.125e-06,7.8125e-07,564,1182,5.179687500000003e-05,True,5.179687500000003e-05,-4.687500000000004e-07,-4.687500000000004e-07,5.492187500000003e-05,e3_misaligned_needle_pair_500V_er_headlocal,head_local
misaligned_needle,4.4e-12,results_raw/e3_misaligned_needle_pair_500V_er_headlocal_head_local_000044.csv,-1.675420092246176e-06,-1.6717928486927304e-06,5.240585228493639e-05,50265.67393085013,-55063.691635920506,-4640070.897709155,4640669.842154228,0.010831555710827402,-0.011865461993383179,-0.9998709357774966,nan,nan,nan,0.9205454507393006,nan,nan,True,VALID,True,VALID,False,INSUFFICIENT_SPATIAL_DISPLACEMENT,3.954896885996981e-09,7.8125e-07,0.005062268014076135,1.0,4.4e-12,nan,nan,primary_connected_active_component_leading_edge_ne_ge_e2_head_threshold,existing_stage_e_min_z_ne_ge_e2_head_threshold,local_peak_Eabs_within_4_min_dx_of_primary_connected_leading_edge_head,positive_hv_needle,"0,0,-1",1.0,100000000000000.0,3.125e-06,7.8125e-07,564,1184,5.179687500000003e-05,True,5.179687500000003e-05,-4.687500000000004e-07,-4.687500000000004e-07,5.492187500000003e-05,e3_misaligned_needle_pair_500V_er_headlocal,head_local
misaligned_needle,4.5e-12,results_raw/e3_misaligned_needle_pair_500V_er_headlocal_head_local_000045.csv,-1.6759270816982038e-06,-1.6722264695090808e-06,5.2405830051197695e-05,50265.597123749714,-55063.763367767635,-4640071.492492242,4640670.436879741,0.010831537771845508,-0.011865475929980279,-0.9998709358064432,nan,nan,nan,0.9205453475071502,nan,nan,True,VALID,True,VALID,False,INSUFFICIENT_SPATIAL_DISPLACEMENT,3.2873944007902486e-09,7.8125e-07,0.004207864833011518,1.0,4.5e-12,nan,nan,primary_connected_active_component_leading_edge_ne_ge_e2_head_threshold,existing_stage_e_min_z_ne_ge_e2_head_threshold,local_peak_Eabs_within_4_min_dx_of_primary_connected_leading_edge_head,positive_hv_needle,"0,0,-1",1.0,100000000000000.0,3.125e-06,7.8125e-07,572,1188,5.179687500000003e-05,True,5.179687500000003e-05,-4.687500000000004e-07,-4.687500000000004e-07,5.492187500000003e-05,e3_misaligned_needle_pair_500V_er_headlocal,head_local
misaligned_needle,4.6e-12,results_raw/e3_misaligned_needle_pair_500V_er_headlocal_head_local_000046.csv,-1.6764315290343926e-06,-1.6726578787520735e-06,5.240580803530631e-05,50265.52099807305,-55063.83452326797,-4640072.085606553,4640671.029937239,0.010831519983598761,-0.011865489746643958,-0.9998709358351793,nan,nan,nan,0.9205452450252936,nan,nan,True,VALID,True,VALID,False,INSUFFICIENT_SPATIAL_DISPLACEMENT,2.6232666333156727e-09,7.8125e-07,0.0033577812906440607,1.0,4.6e-12,nan,nan,primary_connected_active_component_leading_edge_ne_ge_e2_head_threshold,existing_stage_e_min_z_ne_ge_e2_head_threshold,local_peak_Eabs_within_4_min_dx_of_primary_connected_leading_edge_head,positive_hv_needle,"0,0,-1",1.0,100000000000000.0,3.125e-06,7.8125e-07,572,1189,5.179687500000003e-05,True,5.179687500000003e-05,-4.687500000000004e-07,-4.687500000000004e-07,5.492187500000003e-05,e3_misaligned_needle_pair_500V_er_headlocal,head_local
misaligned_needle,4.7e-12,results_raw/e3_misaligned_needle_pair_500V_er_headlocal_head_local_000047.csv,-1.6769334536534079e-06,-1.673087092579821e-06,5.2405786234542184e-05,50265.44554524056,-55063.905109182095,-4640072.677066381,4640671.621341,0.010831502344204979,-0.01186550344479458,-0.9998709358637089,nan,nan,nan,0.9205451432798737,nan,nan,True,VALID,True,VALID,False,INSUFFICIENT_SPATIAL_DISPLACEMENT,1.962488249698799e-09,7.8125e-07,0.0025119849596144626,1.0,4.7e-12,nan,nan,primary_connected_active_component_leading_edge_ne_ge_e2_head_threshold,existing_stage_e_min_z_ne_ge_e2_head_threshold,local_peak_Eabs_within_4_min_dx_of_primary_connected_leading_edge_head,positive_hv_needle,"0,0,-1",1.0,100000000000000.0,3.125e-06,7.8125e-07,572,1195,5.179687500000003e-05,True,5.179687500000003e-05,-4.687500000000004e-07,-4.687500000000004e-07,5.492187500000003e-05,e3_misaligned_needle_pair_500V_er_headlocal,head_local
misaligned_needle,4.8e-12,results_raw/e3_misaligned_needle_pair_500V_er_headlocal_head_local_000048.csv,-1.6774328747336485e-06,-1.67351412700312e-06,5.240576464621719e-05,50265.370757400284,-55063.97513205836,-4640073.266886647,4640672.211105934,0.010831484851937296,-0.011865517025805164,-0.9998709358920344,nan,nan,nan,0.9205450422625756,nan,nan,True,VALID,True,VALID,False,INSUFFICIENT_SPATIAL_DISPLACEMENT,1.305034180550618e-09,7.8125e-07,0.001670443751104791,1.0,4.8e-12,nan,nan,primary_connected_active_component_leading_edge_ne_ge_e2_head_threshold,existing_stage_e_min_z_ne_ge_e2_head_threshold,local_peak_Eabs_within_4_min_dx_of_primary_connected_leading_edge_head,positive_hv_needle,"0,0,-1",1.0,100000000000000.0,3.125e-06,7.8125e-07,572,1200,5.179687500000003e-05,True,5.179687500000003e-05,-4.687500000000004e-07,-4.687500000000004e-07,5.492187500000003e-05,e3_misaligned_needle_pair_500V_er_headlocal,head_local
misaligned_needle,4.9e-12,results_raw/e3_misaligned_needle_pair_500V_er_headlocal_head_local_000049.csv,-1.6779298112383552e-06,-1.6739389978873588e-06,5.240574326767521e-05,50265.29662651835,-55064.044598232926,-4640073.855082955,4640672.799247634,0.01083146750502806,-0.011865530491001251,-0.999870935920159,nan,nan,nan,0.9205449419615218,nan,nan,True,VALID,True,VALID,False,INSUFFICIENT_SPATIAL_DISPLACEMENT,6.508796158422243e-10,7.8125e-07,0.0008331259082780471,1.0,4.9e-12,nan,nan,primary_connected_active_component_leading_edge_ne_ge_e2_head_threshold,existing_stage_e_min_z_ne_ge_e2_head_threshold,local_peak_Eabs_within_4_min_dx_of_primary_connected_leading_edge_head,positive_hv_needle,"0,0,-1",1.0,100000000000000.0,3.125e-06,7.8125e-07,572,1200,5.179687500000003e-05,True,5.179687500000003e-05,-4.687500000000004e-07,-4.687500000000004e-07,5.492187500000003e-05,e3_misaligned_needle_pair_500V_er_headlocal,head_local
misaligned_needle,5e-12,results_raw/e3_misaligned_needle_pair_500V_er_headlocal_head_local_000050.csv,-1.678424281920468e-06,-1.67436172095437e-06,5.240572209629201e-05,50265.223144894364,-55064.11351431477,-4640074.441670548,4640673.385781332,0.010831450301782316,-0.011865543841768094,-0.9998709359480848,nan,nan,nan,nan,nan,nan,True,VALID,True,VALID,False,INSUFFICIENT_NEXT_POSITION,nan,nan,nan,1.0,5e-12,nan,nan,primary_connected_active_component_leading_edge_ne_ge_e2_head_threshold,existing_stage_e_min_z_ne_ge_e2_head_threshold,local_peak_Eabs_within_4_min_dx_of_primary_connected_leading_edge_head,positive_hv_needle,"0,0,-1",1.0,100000000000000.0,3.125e-06,7.8125e-07,576,1202,5.179687500000003e-05,True,5.179687500000003e-05,-4.687500000000004e-07,-4.687500000000004e-07,5.492187500000003e-05,e3_misaligned_needle_pair_500V_er_headlocal,head_local
