frequency_Hz,Zin_real_ohm,Zin_imag_ohm,S11_real,S11_imag,S11_dB,S21_real,S21_imag,S21_dB,S21_phase_deg,dipole_directivity_linear,dipole_directivity_dBi
200000000,16.4667047,-430.968588,0.965045441,-0.226644559,-0.075876799,-0.00158132309,0.0027573669,-49.9552149,119.833851,1.53858692,1.87122036
200500000,16.5582029,-428.982204,0.964682313,-0.227630231,-0.0769949479,-0.00157129275,0.00280764869,-49.8498194,119.233436,1.53878771,1.87178709
201000000,16.6500299,-427.002807,0.964315074,-0.228620508,-0.0781293826,-0.00156061071,0.0028584416,-49.7444043,118.633021,1.53898908,1.87235537
201500000,16.7421867,-425.03034,0.963943667,-0.229615423,-0.0792803573,-0.00154926387,0.00290974572,-49.6389678,118.032605,1.53919102,1.87292522
202000000,16.8346741,-423.064745,0.963568037,-0.230615013,-0.0804481305,-0.00153723896,0.00296156102,-49.5335084,117.43219,1.53939355,1.87349664
202500000,16.927493,-421.105966,0.963188126,-0.231619311,-0.0816329656,-0.00152452255,0.00301388737,-49.4280244,116.831775,1.53959667,1.87406962
203000000,17.0206444,-419.153947,0.962803876,-0.232628352,-0.0828351305,-0.001511101,0.00306672454,-49.3225141,116.231359,1.53980036,1.87464417
203500000,17.1141292,-417.208633,0.962415229,-0.233642171,-0.084054898,-0.00149696053,0.00312007218,-49.216976,115.630944,1.54000464,1.87522029
204000000,17.2079483,-415.269969,0.962022124,-0.234660804,-0.0852925457,-0.00148208716,0.00317392981,-49.1114083,115.030528,1.5402095,1.87579798
204500000,17.3021028,-413.337901,0.961624501,-0.235684287,-0.0865483563,-0.00146646673,0.00322829686,-49.0058094,114.430113,1.54041495,1.87637724
205000000,17.3965934,-411.412374,0.961222298,-0.236712654,-0.0878226175,-0.00145008491,0.00328317262,-48.9001776,113.829698,1.54062098,1.87695807
205500000,17.4914212,-409.493335,0.960815451,-0.237745943,-0.0891156223,-0.00143292716,0.00333855625,-48.7945114,113.229282,1.54082759,1.87754048
206000000,17.5865872,-407.580732,0.960403898,-0.238784189,-0.0904276689,-0.00141497879,0.0033944468,-48.688809,112.628867,1.5410348,1.87812446
206500000,17.6820922,-405.674512,0.959987572,-0.239827429,-0.0917590611,-0.00139622488,0.00345084319,-48.5830688,112.028452,1.54124259,1.87871002
207000000,17.7779373,-403.774624,0.959566409,-0.240875699,-0.093110108,-0.00137665034,0.0035077442,-48.4772892,111.428036,1.54145097,1.87929715
207500000,17.8741233,-401.881015,0.959140341,-0.241929036,-0.0944811245,-0.00135623989,0.00356514846,-48.3714685,110.827621,1.54165994,1.87988587
208000000,17.9706514,-399.993635,0.9587093,-0.242987477,-0.0958724312,-0.00133497804,0.0036230545,-48.2656051,110.227206,1.54186949,1.88047616
208500000,18.0675225,-398.112434,0.958273217,-0.244051059,-0.0972843548,-0.00131284912,0.00368146066,-48.1596973,109.62679,1.54207964,1.88106803
209000000,18.1647374,-396.237362,0.957832022,-0.24511982,-0.0987172277,-0.00128983725,0.00374036518,-48.0537434,109.026375,1.54229038,1.88166149
209500000,18.2622974,-394.368368,0.957385643,-0.246193798,-0.100171389,-0.00126592634,0.00379976613,-47.9477419,108.425959,1.54250171,1.88225653
210000000,18.3602032,-392.505404,0.956934008,-0.247273029,-0.101647183,-0.0012411001,0.00385966141,-47.841691,107.825544,1.54271363,1.88285316
210500000,18.458456,-390.648421,0.956477043,-0.248357552,-0.103144961,-0.00121534205,0.0039200488,-47.7355892,107.225129,1.54292614,1.88345137
211000000,18.5570567,-388.797371,0.956014672,-0.249447405,-0.104665082,-0.00118863548,0.0039809259,-47.6294347,106.624713,1.54313924,1.88405116
211500000,18.6560064,-386.952206,0.95554682,-0.250542627,-0.10620791,-0.00116096347,0.00404229015,-47.523226,106.024298,1.54335294,1.88465255
212000000,18.755306,-385.112878,0.955073408,-0.251643255,-0.107773816,-0.0011323089,0.00410413882,-47.4169613,105.423883,1.54356724,1.88525552
212500000,18.8549566,-383.279342,0.954594359,-0.252749329,-0.109363179,-0.00110265442,0.00416646902,-47.3106391,104.823467,1.54378213,1.88586009
213000000,18.9549591,-381.451549,0.954109592,-0.253860888,-0.110976385,-0.00107198247,0.00422927768,-47.2042576,104.223052,1.54399761,1.88646625
213500000,19.0553147,-379.629455,0.953619026,-0.254977969,-0.112613826,-0.00104027527,0.00429256155,-47.0978152,103.622636,1.5442137,1.887074
214000000,19.1560244,-377.813012,0.953122578,-0.256100612,-0.114275902,-0.0010075148,0.0043563172,-46.9913104,103.022221,1.54443038,1.88768335
214500000,19.2570891,-376.002177,0.952620163,-0.257228858,-0.115963022,-0.000973682825,0.00442054102,-46.8847413,102.421806,1.54464765,1.88829429
215000000,19.35851,-374.196903,0.952111696,-0.258362744,-0.117675602,-0.00093876089,0.00448522919,-46.7781063,101.82139,1.54486553,1.88890683
215500000,19.4602881,-372.397147,0.951597091,-0.25950231,-0.119414063,-0.000902730295,0.00455037771,-46.6714039,101.220975,1.545084,1.88952096
216000000,19.5624244,-370.602864,0.951076258,-0.260647597,-0.12117884,-0.000865572113,0.00461598239,-46.5646323,100.62056,1.54530308,1.8901367
216500000,19.66492,-368.814011,0.950549109,-0.261798643,-0.122970371,-0.000827267176,0.00468203881,-46.45779,100.020144,1.54552275,1.89075404
217000000,19.767776,-367.030543,0.95001555,-0.262955489,-0.124789104,-0.000787796079,0.00474854237,-46.3508751,99.4197288,1.54574303,1.89137297
217500000,19.8709934,-365.252419,0.949475491,-0.264118175,-0.126635498,-0.000747139174,0.00481548823,-46.2438862,98.8193135,1.54596391,1.89199352
218000000,19.9745734,-363.479595,0.948928835,-0.265286741,-0.128510018,-0.000705276569,0.00488287136,-46.1368214,98.2188981,1.54618539,1.89261566
218500000,20.0785169,-361.712028,0.948375486,-0.266461226,-0.130413139,-0.000662188123,0.00495068647,-46.0296793,97.6184827,1.54640748,1.89323942
219000000,20.1828251,-359.949678,0.947815348,-0.267641672,-0.132345346,-0.000617853445,0.00501892808,-45.922458,97.0180673,1.54663017,1.89386478
219500000,20.2874991,-358.192502,0.94724832,-0.268828118,-0.134307131,-0.000572251891,0.00508759046,-45.815156,96.417652,1.54685346,1.89449174
220000000,20.39254,-356.44046,0.946674302,-0.270020605,-0.136299,-0.000525362559,0.00515666763,-45.7077716,95.8172366,1.54707737,1.89512032
220500000,20.4979489,-354.693509,0.94609319,-0.271219174,-0.138321464,-0.000477164291,0.00522615339,-45.6003031,95.2168212,1.54730187,1.89575051
221000000,20.6037269,-352.951611,0.945504881,-0.272423864,-0.140375048,-0.000427635664,0.00529604127,-45.4927489,94.6164059,1.54752699,1.89638231
221500000,20.7098751,-351.214723,0.944909267,-0.273634716,-0.142460286,-0.000376754991,0.00536632456,-45.3851072,94.0159905,1.54775271,1.89701573
222000000,20.8163946,-349.482808,0.94430624,-0.274851771,-0.144577721,-0.000324500316,0.00543699627,-45.2773766,93.4155751,1.54797904,1.89765076
222500000,20.9232866,-347.755824,0.943695691,-0.27607507,-0.146727909,-0.000270849412,0.00550804916,-45.1695552,92.8151597,1.54820598,1.8982874
223000000,21.0305521,-346.033733,0.943077508,-0.277304652,-0.148911416,-0.00021577978,0.00557947572,-45.0616414,92.2147444,1.54843353,1.89892567
223500000,21.1381924,-344.316497,0.942451576,-0.278540558,-0.151128821,-0.000159268641,0.00565126815,-44.9536336,91.614329,1.54866169,1.89956555
224000000,21.2462086,-342.604075,0.94181778,-0.279782829,-0.153380711,-0.000101292936,0.00572341835,-44.8455301,91.0139136,1.54889046,1.90020705
224500000,21.3546018,-340.896431,0.941176001,-0.281031505,-0.155667688,-4.18293219e-05,0.00579591796,-44.7373292,90.4134983,1.54911985,1.90085018
225000000,21.4633732,-339.193525,0.940526121,-0.282286627,-0.157990366,1.91458297e-05,0.00586875831,-44.6290293,89.8130829,1.54934984,1.90149492
225500000,21.5725239,-337.495321,0.939868018,-0.283548234,-0.160349369,8.16564386e-05,0.0059419304,-44.5206287,89.2126675,1.54958045,1.9021413
226000000,21.6820551,-335.801781,0.939201566,-0.284816367,-0.162745337,0.000145726718,0.00601542496,-44.4121257,88.6122521,1.54981168,1.90278929
226500000,21.791968,-334.112869,0.93852664,-0.286091065,-0.16517892,0.000211381176,0.00608923237,-44.3035187,88.0118368,1.55004352,1.90343892
227000000,21.9022638,-332.428546,0.937843112,-0.28737237,-0.167650782,0.000278644623,0.00616334268,-44.194806,87.4114214,1.55027598,1.90409017
227500000,22.0129436,-330.748777,0.937150851,-0.28866032,-0.170161604,0.000347542172,0.00623774563,-44.085986,86.811006,1.55050905,1.90474305
228000000,22.1240087,-329.073526,0.936449723,-0.289954954,-0.172712075,0.000418099242,0.00631243059,-43.9770569,86.2105907,1.55074274,1.90539756
228500000,22.2354602,-327.402757,0.935739595,-0.291256314,-0.175302903,0.000490341562,0.00638738661,-43.8680172,85.6101753,1.55097705,1.90605371
229000000,22.3472993,-325.736434,0.935020327,-0.292564436,-0.177934808,0.000564295176,0.00646260235,-43.7588652,85.0097599,1.55121197,1.90671148
229500000,22.4595273,-324.074522,0.934291781,-0.293879361,-0.180608527,0.000639986441,0.00653806613,-43.6495991,84.4093445,1.55144752,1.9073709
230000000,22.5721454,-322.416985,0.933553813,-0.295201128,-0.18332481,0.000717442039,0.00661376588,-43.5402174,83.8089292,1.55168369,1.90803195
230500000,22.6851548,-320.76379,0.932806279,-0.296529773,-0.186084424,0.000796688973,0.00668968915,-43.4307183,83.2085138,1.55192048,1.90869463
231000000,22.7985567,-319.114902,0.932049032,-0.297865337,-0.188888153,0.000877754574,0.0067658231,-43.3211003,82.6080984,1.55215789,1.90935896
231500000,22.9123524,-317.470285,0.93128192,-0.299207855,-0.191736796,0.000960666502,0.00684215449,-43.2113616,82.0076831,1.55239592,1.91002493
232000000,23.026543,-315.829908,0.930504791,-0.300557366,-0.194631168,0.00104545276,0.00691866967,-43.1015006,81.4072677,1.55263458,1.91069253
232500000,23.14113,-314.193735,0.92971749,-0.301913907,-0.197572102,0.00113214167,0.00699535455,-42.9915157,80.8068523,1.55287386,1.91136179
233000000,23.2561144,-312.561733,0.928919858,-0.303277513,-0.200560451,0.00122076191,0.00707219465,-42.8814052,80.2064369,1.55311376,1.91203268
233500000,23.3714976,-310.933869,0.928111735,-0.304648222,-0.203597083,0.0013113425,0.007149175,-42.7711674,79.6060216,1.55335429,1.91270522
234000000,23.4872808,-309.310111,0.927292957,-0.306026068,-0.206682885,0.00140391282,0.00722628023,-42.6608007,79.0056062,1.55359545,1.91337941
234500000,23.6034654,-307.690425,0.926463356,-0.307411087,-0.209818764,0.00149850257,0.00730349448,-42.5503035,78.4051908,1.55383724,1.91405525
235000000,23.7200525,-306.074779,0.925622763,-0.308803314,-0.213005645,0.00159514184,0.00738080143,-42.439674,77.8047755,1.55407965,1.91473274
235500000,23.8370435,-304.463142,0.924771005,-0.310202782,-0.216244475,0.00169386105,0.00745818426,-42.3289107,77.2043601,1.55432269,1.91541188
236000000,23.9544397,-302.85548,0.923907906,-0.311609524,-0.21953622,0.00179469101,0.00753562568,-42.218012,76.6039447,1.55456637,1.91609268
236500000,24.0722424,-301.251762,0.923033287,-0.313023573,-0.222881867,0.00189766288,0.00761310789,-42.1069761,76.0035293,1.55481067,1.91677512
237000000,24.1904528,-299.651958,0.922146966,-0.314444961,-0.226282423,0.00200280819,0.00769061256,-41.9958014,75.403114,1.5550556,1.91745923
237500000,24.3090723,-298.056035,0.921248758,-0.315873719,-0.229738921,0.00211015884,0.00776812084,-41.8844864,74.8026986,1.55530117,1.91814499
238000000,24.4281023,-296.463963,0.920338473,-0.317309878,-0.233252412,0.00221974712,0.00784561335,-41.7730294,74.2022832,1.55554737,1.91883241
238500000,24.547544,-294.87571,0.919415919,-0.318753466,-0.236823972,0.00233160569,0.00792307014,-41.6614287,73.6018679,1.5557942,1.91952149
239000000,24.6673988,-293.291247,0.918480902,-0.320204513,-0.240454701,0.00244576758,0.0080004707,-41.5496829,73.0014525,1.55604167,1.92021223
239500000,24.787668,-291.710543,0.91753322,-0.321663046,-0.244145723,0.00256226624,0.00807779393,-41.4377901,72.4010371,1.55628977,1.92090463
240000000,24.908353,-290.133568,0.916572673,-0.323129092,-0.247898187,0.00268113549,0.00815501816,-41.3257489,71.8006217,1.55653851,1.9215987
240500000,25.0294551,-288.560292,0.915599053,-0.324602676,-0.251713266,0.00280240953,0.0082321211,-41.2135576,71.2002064,1.55678789,1.92229444
241000000,25.1509757,-286.990686,0.914612151,-0.326083823,-0.255592161,0.00292612298,0.00830907983,-41.1012147,70.599791,1.5570379,1.92299184
241500000,25.2729161,-285.424719,0.913611752,-0.327572555,-0.259536098,0.00305231085,0.0083858708,-40.9887185,69.9993756,1.55728855,1.92369091
242000000,25.3952778,-283.862363,0.912597639,-0.329068897,-0.263546333,0.00318100855,0.00846246981,-40.8760675,69.3989603,1.55753984,1.92439165
242500000,25.5180622,-282.303589,0.911569589,-0.330572867,-0.267624147,0.0033122519,0.008538852,-40.7632601,68.7985449,1.55779177,1.92509406
243000000,25.6412705,-280.748368,0.910527379,-0.332084485,-0.271770852,0.00344607713,0.00861499182,-40.6502948,68.1981295,1.55804435,1.92579815
243500000,25.7649043,-279.196671,0.909470777,-0.33360377,-0.27598779,0.00358252088,0.00869086302,-40.5371699,67.5977141,1.55829756,1.92650391
244000000,25.8889648,-277.64847,0.90839955,-0.335130738,-0.280276331,0.0037216202,0.00876643864,-40.4238839,66.9972988,1.55855142,1.92721135
244500000,26.0134536,-276.103737,0.90731346,-0.336665403,-0.284637878,0.00386341256,0.00884169098,-40.3104353,66.3968834,1.55880592,1.92792046
245000000,26.1383721,-274.562443,0.906212265,-0.33820778,-0.289073866,0.00400793585,0.00891659161,-40.1968225,65.796468,1.55906106,1.92863125
245500000,26.2637217,-273.024562,0.905095717,-0.339757879,-0.293585762,0.00415522838,0.00899111131,-40.0830441,65.1960527,1.55931685,1.92934373
246000000,26.3895037,-271.490064,0.903963566,-0.341315711,-0.298175067,0.00430532889,0.00906522009,-39.9690984,64.5956373,1.55957329,1.93005788
246500000,26.5157198,-269.958924,0.902815555,-0.342881283,-0.302843318,0.00445827654,0.00913888716,-39.8549841,63.9952219,1.55983037,1.93077372
247000000,26.6423712,-268.431113,0.901651425,-0.344454601,-0.307592085,0.00461411092,0.00921208089,-39.7406996,63.3948065,1.5600881,1.93149125
247500000,26.7694595,-266.906605,0.900470911,-0.346035669,-0.312422975,0.00477287205,0.00928476883,-39.6262435,62.7943912,1.56034648,1.93221046
248000000,26.8969862,-265.385372,0.899273742,-0.347624489,-0.317337633,0.00493460039,0.00935691765,-39.5116142,62.1939758,1.56060551,1.93293136
248500000,27.0249526,-263.867389,0.898059644,-0.349221059,-0.322337744,0.0050993368,0.00942849316,-39.3968103,61.5935604,1.56086519,1.93365395
249000000,27.1533604,-262.352628,0.896828338,-0.350825377,-0.327425028,0.00526712263,0.00949946024,-39.2818305,60.9931451,1.56112552,1.93437823
249500000,27.2822109,-260.841063,0.895579538,-0.352437437,-0.33260125,0.00543799962,0.00956978287,-39.1666732,60.3927297,1.5613865,1.9351042
250000000,27.4115058,-259.332668,0.894312955,-0.354057232,-0.337868214,0.00561200996,0.00963942407,-39.0513371,59.7923143,1.56164814,1.93583187
250500000,27.5412464,-257.827418,0.893028294,-0.35568475,-0.343227766,0.00578919627,0.0097083459,-38.9358207,59.191899,1.56191042,1.93656123
251000000,27.6714343,-256.325285,0.891725254,-0.357319977,-0.348681799,0.00596960163,0.00977650942,-38.8201228,58.5914836,1.56217337,1.93729229
251500000,27.802071,-254.826246,0.890403531,-0.358962898,-0.354232246,0.00615326954,0.00984387468,-38.7042419,57.9910682,1.56243696,1.93802505
252000000,27.9331581,-253.330274,0.889062812,-0.360613492,-0.359881092,0.00634024393,0.00991040071,-38.5881767,57.3906528,1.56270122,1.93875951
252500000,28.0646971,-251.837343,0.887702781,-0.362271736,-0.365630364,0.00653056916,0.00997604544,-38.471926,56.7902375,1.56296613,1.93949567
253000000,28.1966895,-250.34743,0.886323116,-0.363937605,-0.371482142,0.00672429006,0.0100407657,-38.3554883,56.1898221,1.5632317,1.94023353
253500000,28.3291369,-248.860509,0.884923488,-0.365611067,-0.377438552,0.00692145186,0.0101045174,-38.2388625,55.5894067,1.56349793,1.9409731
254000000,28.4620408,-247.376554,0.883503564,-0.367292091,-0.383501775,0.00712210023,0.0101672549,-38.1220473,54.9889914,1.56376482,1.94171438
254500000,28.5954028,-245.895542,0.882063003,-0.368980638,-0.389674043,0.00732628126,0.0102289319,-38.0050415,54.388576,1.56403237,1.94245736
255000000,28.7292246,-244.417449,0.880601459,-0.370676668,-0.395957642,0.0075340415,0.0102895004,-37.8878438,53.7881606,1.56430058,1.94320206
255500000,28.8635076,-242.942248,0.879118581,-0.372380135,-0.402354915,0.00774542787,0.0103489117,-37.7704532,53.1877452,1.56456945,1.94394846
256000000,28.9982535,-241.469918,0.877614011,-0.37409099,-0.408868262,0.00796048776,0.0104071153,-37.6528683,52.5873299,1.56483899,1.94469658
256500000,29.1334639,-240.000433,0.876087382,-0.375809177,-0.41550014,0.00817926894,0.01046406,-37.5350883,51.9869145,1.56510919,1.94544641
257000000,29.2691404,-238.53377,0.874538325,-0.37753464,-0.422253069,0.00840181961,0.0105196927,-37.4171118,51.3864991,1.56538005,1.94619796
257500000,29.4052846,-237.069905,0.872966461,-0.379267313,-0.42912963,0.00862818835,0.0105739595,-37.298938,50.7860838,1.56565159,1.94695122
258000000,29.5418981,-235.608814,0.871371407,-0.381007128,-0.436132468,0.00885842417,0.0106268047,-37.1805657,50.1856684,1.56592379,1.94770621
258500000,29.6789827,-234.150474,0.869752772,-0.382754011,-0.443264294,0.00909257646,0.0106781716,-37.0619941,49.585253,1.56619665,1.94846291
259000000,29.8165398,-232.694863,0.868110157,-0.384507884,-0.450527887,0.00933069497,0.0107280016,-36.943222,48.9848376,1.56647019,1.94922134
259500000,29.9545712,-231.241955,0.866443159,-0.386268659,-0.457926094,0.00957282986,0.0107762351,-36.8242486,48.3844223,1.56674439,1.94998149
260000000,30.0930786,-229.79173,0.864751366,-0.388036247,-0.465461836,0.00981903165,0.0108228107,-36.7050731,47.7840069,1.56701927,1.95074337
260500000,30.2320636,-228.344164,0.863034359,-0.38981055,-0.473138105,0.0100693512,0.0108676655,-36.5856946,47.1835915,1.56729482,1.95150697
261000000,30.3715279,-226.899233,0.861291712,-0.391591464,-0.48095797,0.0103238397,0.0109107351,-36.4661123,46.5831762,1.56757104,1.9522723
261500000,30.5114732,-225.456917,0.859522992,-0.393378879,-0.488924577,0.0105825487,0.0109519536,-36.3463254,45.9827608,1.56784793,1.95303937
262000000,30.6519012,-224.017191,0.857727759,-0.395172677,-0.497041152,0.0108455302,0.0109912532,-36.2263332,45.3823454,1.5681255,1.95380816
262500000,30.7928136,-222.580035,0.855905566,-0.396972735,-0.505311005,0.0111128362,0.0110285647,-36.1061351,44.78193,1.56840374,1.95457869
263000000,30.9342122,-221.145425,0.854055956,-0.39877892,-0.513737528,0.0113845192,0.011063817,-35.9857305,44.1815147,1.56868266,1.95535095
263500000,31.0760986,-219.71334,0.852178467,-0.400591091,-0.522324202,0.011660632,0.0110969372,-35.8651188,43.5810993,1.56896225,1.95612495
264000000,31.2184745,-218.283759,0.850272628,-0.402409102,-0.531074597,0.0119412276,0.0111278508,-35.7442995,42.9806839,1.56924253,1.95690069
264500000,31.3613418,-216.856658,0.848337962,-0.404232796,-0.539992375,0.0122263593,0.0111564814,-35.6232721,42.3802686,1.56952348,1.95767817
265000000,31.5047022,-215.432016,0.846373981,-0.406062008,-0.549081292,0.0125160804,0.0111827507,-35.5020362,41.7798532,1.56980511,1.95845739
265500000,31.6485574,-214.009813,0.844380192,-0.407896563,-0.558345204,0.0128104448,0.0112065784,-35.3805916,41.1794378,1.57008743,1.95923835
266000000,31.7929093,-212.590027,0.842356094,-0.409736278,-0.567788066,0.0131095061,0.0112278825,-35.2589378,40.5790224,1.57037042,1.96002106
266500000,31.9377596,-211.172635,0.840301175,-0.41158096,-0.577413935,0.0134133185,0.0112465788,-35.1370749,39.9786071,1.5706541,1.96080552
267000000,32.0831101,-209.757618,0.838214918,-0.413430406,-0.587226979,0.013721936,0.0112625811,-35.0150024,39.3781917,1.57093846,1.96159172
267500000,32.2289626,-208.344954,0.836096796,-0.415284401,-0.59723147,0.0140354129,0.0112758012,-34.8927205,38.7777763,1.57122351,1.96237968
268000000,32.3753189,-206.934623,0.833946277,-0.41714272,-0.607431797,0.0143538033,0.0112861486,-34.7702291,38.177361,1.57150924,1.96316938
268500000,32.5221809,-205.526603,0.831762816,-0.419005128,-0.617832463,0.0146771618,0.0112935309,-34.6475283,37.5769456,1.57179566,1.96396084
269000000,32.6695504,-204.120874,0.829545863,-0.420871376,-0.628438092,0.0150055426,0.0112978534,-34.5246182,36.9765302,1.57208276,1.96475406
269500000,32.8174292,-202.717415,0.827294859,-0.422741204,-0.639253431,0.0153389999,0.0112990189,-34.4014991,36.3761148,1.57237056,1.96554903
270000000,32.9658191,-201.316207,0.825009238,-0.424614339,-0.650283352,0.0156775881,0.0112969283,-34.2781713,35.7756995,1.57265904,1.96634576
270500000,33.1147221,-199.917227,0.822688422,-0.426490496,-0.66153286,0.0160213612,0.0112914799,-34.1546351,35.1752841,1.57294821,1.96714425
271000000,33.26414,-198.520458,0.820331829,-0.428369374,-0.673007093,0.0163703732,0.0112825697,-34.0308912,34.5748687,1.57323808,1.9679445
271500000,33.4140748,-197.125877,0.817938866,-0.430250661,-0.68471133,0.0167246779,0.0112700912,-33.90694,33.9744534,1.57352864,1.96874651
272000000,33.5645282,-195.733466,0.815508932,-0.432134028,-0.696650989,0.0170843287,0.0112539355,-33.7827823,33.374038,1.57381989,1.9695503
272500000,33.7155022,-194.343204,0.81304142,-0.434019131,-0.708831639,0.017449379,0.0112339912,-33.6584188,32.7736226,1.57411184,1.97035584
273000000,33.8669987,-192.955072,0.810535712,-0.435905612,-0.721258998,0.0178198815,0.0112101442,-33.5338505,32.1732072,1.57440448,1.97116316
273500000,34.0190196,-191.56905,0.807991183,-0.437793096,-0.733938941,0.0181958888,0.011182278,-33.4090783,31.5727919,1.57469781,1.97197225
274000000,34.1715669,-190.185118,0.8054072,-0.43968119,-0.746877505,0.0185774528,0.0111502731,-33.2841034,30.9723765,1.57499185,1.97278311
274500000,34.3246425,-188.803258,0.802783122,-0.441569485,-0.760080889,0.0189646251,0.0111140077,-33.1589269,30.3719611,1.57528658,1.97359574
275000000,34.4782484,-187.423448,0.8001183,-0.443457555,-0.773555468,0.0193574564,0.0110733571,-33.0335503,29.7715458,1.57558201,1.97441015
275500000,34.6323866,-186.045672,0.797412078,-0.445344952,-0.78730779,0.019755997,0.0110281935,-32.907975,29.1711304,1.57587815,1.97522633
276000000,34.7870589,-184.669908,0.79466379,-0.447231211,-0.801344585,0.0201602964,0.0109783867,-32.7822027,28.570715,1.57617498,1.9760443
276500000,34.9422675,-183.296139,0.791872765,-0.449115848,-0.81567277,0.0205704032,0.0109238035,-32.656235,27.9702996,1.57647252,1.97686404
277000000,35.0980142,-181.924344,0.789038324,-0.450998356,-0.830299455,0.0209863652,0.0108643076,-32.5300738,27.3698843,1.57677076,1.97768557
277500000,35.2543012,-180.554506,0.786159781,-0.452878209,-0.845231949,0.0214082291,0.0107997599,-32.4037212,26.7694689,1.5770697,1.97850888
278000000,35.4111304,-179.186606,0.783236441,-0.454754857,-0.860477766,0.0218360406,0.0107300183,-32.2771794,26.1690535,1.57736935,1.97933398
278500000,35.5685039,-177.820624,0.780267606,-0.456627728,-0.87604463,0.0222698443,0.0106549375,-32.1504506,25.5686382,1.57766971,1.98016087
279000000,35.7264237,-176.456543,0.777252568,-0.458496227,-0.891940485,0.0227096833,0.0105743693,-32.0235374,24.9682228,1.57797077,1.98098955
279500000,35.8848919,-175.094344,0.774190615,-0.460359734,-0.908173498,0.0231555997,0.0104881623,-31.8964424,24.3678074,1.57827254,1.98182001
280000000,36.0439105,-173.734007,0.771081029,-0.462217604,-0.924752068,0.0236076336,0.010396162,-31.7691684,23.767392,1.57857503,1.98265228
280500000,36.2034816,-172.375516,0.767923086,-0.464069166,-0.941684834,0.024065824,0.0102982106,-31.6417185,23.1669767,1.57887822,1.98348633
281000000,36.3636073,-171.018852,0.764716057,-0.465913722,-0.958980678,0.0245302078,0.0101941473,-31.5140959,22.5665613,1.57918212,1.98432218
281500000,36.5242897,-169.663997,0.761459209,-0.467750549,-0.976648741,0.0250008204,0.0100838077,-31.3863038,21.9661459,1.57948674,1.98515984
282000000,36.685531,-168.310932,0.758151802,-0.469578891,-0.994698421,0.0254776948,0.00996702458,-31.2583459,21.3657306,1.57979207,1.98599929
282500000,36.8473332,-166.95964,0.754793097,-0.471397965,-1.01313939,0.0259608623,0.00984362709,-31.1302259,20.7653152,1.58009811,1.98684054
283000000,37.0096984,-165.610102,0.751382347,-0.47320696,-1.0319816,0.0264503515,0.00971344123,-31.0019479,20.1648998,1.58040487,1.9876836
283500000,37.1726289,-164.262302,0.747918806,-0.47500503,-1.05123528,0.026946189,0.00957628964,-30.873516,19.5644844,1.58071235,1.98852846
284000000,37.3361268,-162.916221,0.744401724,-0.476791298,-1.07091097,0.0274483986,0.00943199166,-30.7449347,18.9640691,1.58102054,1.98937513
284500000,37.5001943,-161.571842,0.740830349,-0.478564856,-1.09101951,0.0279570013,0.00928036326,-30.6162086,18.3636537,1.58132946,1.99022362
285000000,37.6648334,-160.229147,0.73720393,-0.480324759,-1.11157206,0.0284720153,0.0091212171,-30.4873426,17.7632383,1.58163909,1.99107391
285500000,37.8300466,-158.888118,0.733521715,-0.48207003,-1.13258009,0.0289934557,0.00895436249,-30.3583418,17.162823,1.58194945,1.99192601
286000000,37.9958358,-157.548739,0.729782954,-0.483799653,-1.15405543,0.0295213342,0.00877960542,-30.2292116,16.5624076,1.58226052,1.99277993
286500000,38.1622035,-156.210992,0.725986897,-0.485512576,-1.17601023,0.0300556591,0.00859674857,-30.0999577,15.9619922,1.58257233,1.99363567
287000000,38.3291517,-154.874859,0.722132798,-0.487207711,-1.19845703,0.030596435,0.00840559133,-29.9705861,15.3615768,1.58288485,1.99449322
287500000,38.4966828,-153.540324,0.718219913,-0.488883929,-1.22140872,0.0311436625,0.00820592985,-29.8411028,14.7611615,1.5831981,1.9953526
288000000,38.664799,-152.20737,0.714247504,-0.49054006,-1.24487856,0.0316973383,0.00799755703,-29.7115144,14.1607461,1.58351208,1.9962138
288500000,38.8335026,-150.875979,0.710214839,-0.492174895,-1.26888023,0.0322574544,0.00778026259,-29.5818276,13.5603307,1.58382678,1.99707682
289000000,39.0027959,-149.546135,0.706121192,-0.493787182,-1.2934278,0.0328239986,0.00755383315,-29.4520496,12.9599154,1.58414221,1.99794167
289500000,39.1726811,-148.21782,0.701965845,-0.495375626,-1.31853576,0.0333969536,0.00731805222,-29.3221878,12.3595,1.58445837,1.99880834
290000000,39.3431606,-146.891018,0.69774809,-0.496938887,-1.34421905,0.033976297,0.00707270035,-29.1922498,11.7590846,1.58477527,1.99967685
290500000,39.5142366,-145.565712,0.69346723,-0.498475581,-1.37049303,0.034562001,0.00681755514,-29.0622438,11.1586692,1.58509289,2.00054719
291000000,39.6859116,-144.241886,0.689122579,-0.499984276,-1.39737354,0.0351540324,0.00655239139,-28.9321781,10.5582539,1.58541125,2.00141936
291500000,39.8581879,-142.919523,0.684713467,-0.501463494,-1.42487689,0.0357523517,0.00627698116,-28.8020615,9.9578385,1.58573034,2.00229336
292000000,40.0310678,-141.598606,0.680239238,-0.502911709,-1.45301989,0.0363569136,0.00599109392,-28.6719031,9.35742313,1.58605017,2.00316921
292500000,40.2045538,-140.27912,0.675699254,-0.504327345,-1.48181984,0.0369676658,0.00569449663,-28.5417123,8.75700776,1.58637073,2.00404689
293000000,40.3786481,-138.961046,0.671092895,-0.505708775,-1.51129459,0.0375845496,0.00538695394,-28.4114991,8.15659238,1.58669203,2.00492641
293500000,40.5533533,-137.64437,0.666419564,-0.507054322,-1.5414625,0.0382074987,0.00506822831,-28.2812738,7.55617701,1.58701407,2.00580778
294000000,40.7286716,-136.329076,0.661678684,-0.508362256,-1.57234252,0.0388364396,0.00473808018,-28.1510468,6.95576164,1.58733685,2.00669099
294500000,40.9046056,-135.015145,0.656869707,-0.509630796,-1.60395417,0.0394712908,0.00439626819,-28.0208295,6.35534627,1.58766037,2.00757605
295000000,41.0811578,-133.702564,0.651992108,-0.510858103,-1.63631754,0.0401119627,0.00404254935,-27.8906332,5.7549309,1.58798463,2.00846295
295500000,41.2583304,-132.391315,0.647045395,-0.512042288,-1.66945338,0.0407583571,0.00367667926,-27.7604699,5.15451553,1.58830964,2.00935171
296000000,41.4361261,-131.081383,0.642029108,-0.513181405,-1.70338304,0.0414103667,0.0032984124,-27.6303521,4.55410016,1.58863539,2.01024232
296500000,41.6145473,-129.772752,0.63694282,-0.51427345,-1.73812854,0.0420678751,0.00290750234,-27.5002924,3.95368479,1.58896188,2.01113478
297000000,41.7935965,-128.465405,0.631786142,-0.515316365,-1.7737126,0.0427307561,0.00250370205,-27.3703043,3.35326941,1.58928912,2.0120291
297500000,41.9732763,-127.159328,0.626558725,-0.516308034,-1.81015861,0.0433988733,0.00208676417,-27.2404016,2.75285404,1.58961711,2.01292528
298000000,42.1535891,-125.854503,0.621260264,-0.517246283,-1.8474907,0.04407208,0.00165644139,-27.1105984,2.15243867,1.58994585,2.01382332
298500000,42.3345375,-124.550917,0.615890499,-0.51812888,-1.88573375,0.0447502185,0.00121248676,-26.9809098,1.5520233,1.59027533,2.01472322
299000000,42.516124,-123.248552,0.610449218,-0.518953535,-1.92491342,0.0454331196,0.000754654061,-26.8513508,0.951607929,1.59060557,2.01562499
299500000,42.6983513,-121.947393,0.604936265,-0.519717901,-1.96505615,0.0461206026,0.000282698226,-26.7219374,0.351192557,1.59093656,2.01652862
300000000,42.8812218,-120.647425,0.599351536,-0.52041957,-2.00618923,0.0468124743,-0.000203624251,-26.5926859,-0.249222814,1.5912683,2.01743412
300500000,43.0647383,-119.348632,0.593694988,-0.521056078,-2.0483408,0.0475085294,-0.000704554856,-26.4636132,-0.849638185,1.5916008,2.01834149
301000000,43.2489034,-118.051,0.58796664,-0.521624901,-2.09153989,0.0482085489,-0.00122033258,-26.3347368,-1.45005356,1.59193405,2.01925073
301500000,43.4337195,-116.754511,0.582166579,-0.522123459,-2.13581641,0.0489123009,-0.00175119341,-26.2060748,-2.05046893,1.59226806,2.02016185
302000000,43.6191895,-115.459152,0.576294961,-0.522549114,-2.18120127,0.0496195392,-0.00229736979,-26.0776456,-2.6508843,1.59260283,2.02107484
302500000,43.805316,-114.164907,0.570352016,-0.522899171,-2.22772632,0.0503300035,-0.00285909006,-25.9494686,-3.25129967,1.59293836,2.02198971
303000000,43.9921016,-112.87176,0.564338054,-0.523170881,-2.27542444,0.0510434186,-0.00343657783,-25.8215634,-3.85171504,1.59327465,2.02290646
303500000,44.1795491,-111.579697,0.558253466,-0.523361439,-2.32432953,0.051759494,-0.0040300514,-25.6939506,-4.45213041,1.5936117,2.02382509
304000000,44.3676611,-110.288702,0.552098729,-0.523467987,-2.37447662,0.0524779239,-0.00463972305,-25.566651,-5.05254578,1.59394951,2.0247456
304500000,44.5564404,-108.99876,0.545874415,-0.523487617,-2.42590182,0.0531983861,-0.00526579838,-25.4396864,-5.65296116,1.59428809,2.025668
305000000,44.7458897,-107.709856,0.539581186,-0.52341737,-2.47864241,0.0539205422,-0.00590847554,-25.3130789,-6.25337653,1.59462743,2.02659229
305500000,44.9360117,-106.421976,0.533219807,-0.523254239,-2.53273689,0.054644037,-0.00656794454,-25.1868515,-6.8537919,1.59496753,2.02751847
306000000,45.1268093,-105.135104,0.526791149,-0.522995171,-2.58822499,0.0553684979,-0.00724438638,-25.0610276,-7.45420727,1.59530841,2.02844654
306500000,45.3182853,-103.849226,0.520296188,-0.522637071,-2.64514773,0.056093535,-0.00793797229,-24.9356315,-8.05462264,1.59565005,2.02937651
307000000,45.5104423,-102.564326,0.513736017,-0.522176805,-2.70354746,0.0568187403,-0.00864886283,-24.810688,-8.65503801,1.59599247,2.03030837
307500000,45.7032833,-101.28039,0.507111846,-0.521611198,-2.76346793,0.0575436879,-0.00937720701,-24.6862226,-9.25545338,1.59633565,2.03124213
308000000,45.8968112,-99.9974024,0.500425008,-0.520937045,-2.82495431,0.0582679331,-0.0101231414,-24.5622613,-9.85586876,1.59667961,2.03217779
308500000,46.0910286,-98.7153495,0.493676965,-0.520151112,-2.88805326,0.0589910126,-0.0108867891,-24.4388311,-10.4562841,1.59702434,2.03311535
309000000,46.2859386,-97.4342162,0.48686931,-0.519250135,-2.95281301,0.0597124444,-0.0116682589,-24.3159593,-11.0566995,1.59736985,2.03405482
309500000,46.481544,-96.1539879,0.480003774,-0.518230833,-3.01928334,0.0604317269,-0.0124676441,-24.1936741,-11.6571149,1.59771613,2.03499619
310000000,46.6778477,-94.87465,0.473082228,-0.517089907,-3.08751575,0.0611483397,-0.0132850217,-24.0720043,-12.2575302,1.59806319,2.03593947
310500000,46.8748526,-93.596188,0.466106692,-0.515824047,-3.15756342,0.0618617426,-0.0141204509,-23.9509793,-12.8579456,1.59841102,2.03688466
311000000,47.0725616,-92.3185873,0.459079333,-0.514429938,-3.22948136,0.0625713763,-0.0149739728,-23.8306292,-13.458361,1.59875964,2.03783176
311500000,47.2709778,-91.0418335,0.452002474,-0.512904266,-3.30332642,0.0632766618,-0.0158456084,-23.7109847,-14.0587764,1.59910904,2.03878078
312000000,47.4701041,-89.7659122,0.444878598,-0.511243724,-3.37915741,0.063977001,-0.0167353581,-23.5920772,-14.6591917,1.59945922,2.03973172
312500000,47.6699435,-88.4908088,0.437710349,-0.509445017,-3.45703514,0.0646717763,-0.0176432003,-23.4739388,-15.2596071,1.59981018,2.04068457
313000000,47.870499,-87.2165092,0.430500537,-0.507504873,-3.53702254,0.0653603512,-0.0185690906,-23.356602,-15.8600225,1.60016193,2.04163934
313500000,48.0717736,-85.9429989,0.423252142,-0.505420048,-3.61918471,0.0660420703,-0.01951296,-23.2401,-16.4604378,1.60051447,2.04259604
314000000,48.2737703,-84.6702637,0.415968316,-0.503187336,-3.70358905,0.0667162595,-0.0204747145,-23.1244667,-17.0608532,1.60086779,2.04355466
314500000,48.4764923,-83.3982893,0.408652387,-0.500803574,-3.79030532,0.0673822269,-0.0214542335,-23.0097366,-17.6612686,1.6012219,2.04451521
315000000,48.6799425,-82.1270615,0.40130786,-0.498265655,-3.87940577,0.0680392629,-0.0224513687,-22.8959445,-18.261684,1.6015768,2.04547769
315500000,48.8841242,-80.8565661,0.393938421,-0.495570533,-3.97096524,0.0686866405,-0.0234659432,-22.783126,-18.8620993,1.60193249,2.0464421
316000000,49.0890404,-79.586789,0.386547936,-0.492715237,-4.06506129,0.0693236167,-0.0244977501,-22.671317,-19.4625147,1.60228897,2.04740844
316500000,49.2946942,-78.3177161,0.379140452,-0.489696878,-4.1617743,0.0699494326,-0.025546552,-22.5605542,-20.0629301,1.60264625,2.04837672
317000000,49.5010889,-77.0493332,0.371720203,-0.48651266,-4.26118761,0.0705633145,-0.0266120791,-22.4508744,-20.6633454,1.60300432,2.04934694
317500000,49.7082275,-75.7816263,0.364291601,-0.483159891,-4.36338766,0.0711644747,-0.0276940289,-22.3423151,-21.2637608,1.60336319,2.05031909
318000000,49.9161133,-74.5145814,0.356859243,-0.479635993,-4.46846417,0.0717521128,-0.0287920651,-22.2349141,-21.8641762,1.60372286,2.05129319
318500000,50.1247495,-73.2481844,0.349427907,-0.475938516,-4.57651024,0.0723254165,-0.0299058164,-22.1287095,-22.4645916,1.60408332,2.05226923
319000000,50.3341392,-71.9824215,0.342002549,-0.472065144,-4.68762255,0.0728835632,-0.0310348762,-22.02374,-23.0650069,1.60444459,2.05324722
319500000,50.5442859,-70.7172787,0.334588303,-0.468013712,-4.80190156,0.073425721,-0.0321788014,-21.9200442,-23.6654223,1.60480665,2.05422716
320000000,50.7551926,-69.4527421,0.327190474,-0.463782216,-4.91945167,0.0739510503,-0.0333371117,-21.8176613,-24.2658377,1.60516952,2.05520904
320500000,50.9668628,-68.1887977,0.319814538,-0.459368823,-5.04038144,0.0744587056,-0.0345092896,-21.7166305,-24.866253,1.60553319,2.05619288
321000000,51.1792997,-66.9254318,0.312466133,-0.454771886,-5.16480381,0.0749478366,-0.0356947792,-21.6169913,-25.4666684,1.60589767,2.05717868
321500000,51.3925066,-65.6626305,0.305151058,-0.449989953,-5.29283631,0.0754175908,-0.0368929861,-21.5187832,-26.0670838,1.60626295,2.05816643
322000000,51.606487,-64.40038,0.297875261,-0.445021783,-5.42460137,0.0758671145,-0.0381032773,-21.4220457,-26.6674992,1.60662905,2.05915614
322500000,51.8212441,-63.1386665,0.290644837,-0.439866351,-5.56022653,0.0762955554,-0.0393249809,-21.3268187,-27.2679145,1.60699595,2.06014782
323000000,52.0367813,-61.8774763,0.283466014,-0.434522867,-5.69984474,0.0767020643,-0.0405573859,-21.2331415,-27.8683299,1.60736366,2.06114145
323500000,52.2531021,-60.6167957,0.276345149,-0.428990782,-5.84359466,0.0770857976,-0.0417997427,-21.1410536,-28.4687453,1.60773218,2.06213705
324000000,52.4702099,-59.3566109,0.269288712,-0.423269803,-5.99162103,0.0774459192,-0.043051263,-21.0505944,-29.0691606,1.60810152,2.06313462
324500000,52.6881081,-58.0969082,0.262303283,-0.417359899,-6.14407492,0.0777816033,-0.0443111205,-20.9618029,-29.669576,1.60847167,2.06413416
325000000,52.9068003,-56.837674,0.255395531,-0.411261316,-6.3011142,0.078092036,-0.0455784513,-20.874718,-30.2699914,1.60884264,2.06513568
325500000,53.1262898,-55.5788948,0.248572208,-0.404974583,-6.46290382,0.0783764188,-0.0468523546,-20.7893779,-30.8704068,1.60921442,2.06613916
326000000,53.3465803,-54.3205567,0.241840131,-0.398500522,-6.6296163,0.0786339702,-0.0481318941,-20.7058207,-31.4708221,1.60958703,2.06714463
326500000,53.5676752,-53.0626463,0.23520617,-0.391840258,-6.80143209,0.0788639287,-0.0494160982,-20.6240839,-32.0712375,1.60996045,2.06815207
327000000,53.7895781,-51.80515,0.228677231,-0.384995223,-6.97854005,0.0790655556,-0.050703962,-20.5442045,-32.6716529,1.61033469,2.0691615
327500000,54.0122925,-50.5480541,0.222260242,-0.377967166,-7.16113788,0.0792381369,-0.0519944485,-20.4662187,-33.2720682,1.61070976,2.07017291
328000000,54.2358222,-49.2913453,0.215962133,-0.370758156,-7.34943256,0.0793809867,-0.0532864901,-20.3901622,-33.8724836,1.61108565,2.0711863
328500000,54.4601707,-48.0350099,0.209789821,-0.363370589,-7.54364084,0.0794934493,-0.0545789907,-20.3160697,-34.472899,1.61146237,2.07220168
329000000,54.6853416,-46.7790344,0.203750191,-0.35580719,-7.74398969,0.0795749021,-0.0558708271,-20.2439752,-35.0733144,1.61183991,2.07321906
329500000,54.9113386,-45.5234054,0.197850078,-0.348071015,-7.95071667,0.0796247577,-0.0571608518,-20.1739119,-35.6737297,1.61221828,2.07423842
330000000,55.1381654,-44.2681093,0.192096246,-0.340165454,-8.16407037,0.0796424669,-0.058447895,-20.1059117,-36.2741451,1.61259748,2.07525978
330500000,55.3658257,-43.0131329,0.186495372,-0.332094229,-8.38431069,0.0796275211,-0.0597307668,-20.0400056,-36.8745605,1.61297752,2.07628314
331000000,55.5943233,-41.7584625,0.181054024,-0.323861395,-8.61170901,0.0795794541,-0.0610082603,-19.9762236,-37.4749758,1.61335838,2.07730849
331500000,55.8236618,-40.5040847,0.175778641,-0.315471334,-8.84654828,0.079497845,-0.0622791541,-19.9145942,-38.0753912,1.61374008,2.07833585
332000000,56.0538452,-39.2499863,0.170675514,-0.306928755,-9.08912282,0.0793823199,-0.0635422153,-19.855145,-38.6758066,1.61412261,2.07936521
332500000,56.2848771,-37.9961537,0.165750768,-0.298238685,-9.33973783,0.0792325542,-0.0647962024,-19.7979019,-39.276222,1.61450598,2.08039658
333000000,56.5167614,-36.7425736,0.161010338,-0.289406465,-9.59870852,0.0790482743,-0.0660398686,-19.7428896,-39.8766373,1.61489019,2.08142996
333500000,56.749502,-35.4892325,0.156459953,-0.280437738,-9.86635862,0.0788292592,-0.0672719648,-19.6901313,-40.4770527,1.61527524,2.08246535
334000000,56.9831027,-34.2361173,0.152105118,-0.271338444,-10.1430181,0.0785753424,-0.0684912432,-19.6396488,-41.0774681,1.61566112,2.08350275
334500000,57.2175674,-32.9832145,0.147951093,-0.262114805,-10.4290202,0.0782864127,-0.0696964603,-19.5914621,-41.6778834,1.61604785,2.08454216
335000000,57.4529001,-31.7305107,0.144002875,-0.252773316,-10.7246962,0.0779624159,-0.0708863809,-19.5455898,-42.2782988,1.61643543,2.0855836
335500000,57.6891047,-30.4779927,0.140265184,-0.243320729,-11.0303696,0.0776033553,-0.0720597807,-19.5020488,-42.8787142,1.61682384,2.08662705
336000000,57.9261852,-29.2256471,0.136742444,-0.233764036,-11.3463469,0.0772092927,-0.0732154506,-19.460854,-43.4791296,1.61721311,2.08767253
336500000,58.1641455,-27.9734606,0.133438771,-0.22411046,-11.6729057,0.0767803487,-0.0743521996,-19.422019,-44.0795449,1.61760322,2.08872003
337000000,58.4029897,-26.7214199,0.130357953,-0.21436743,-12.0102778,0.076316703,-0.0754688585,-19.3855552,-44.6799603,1.61799418,2.08976956
337500000,58.6427218,-25.4695118,0.127503444,-0.204542569,-12.3586281,0.0758185946,-0.0765642829,-19.3514726,-45.2803757,1.618386,2.09082112
338000000,58.8833459,-24.217723,0.124878348,-0.194643667,-12.7180244,0.0752863213,-0.0776373569,-19.3197789,-45.880791,1.61877866,2.09187471
338500000,59.1248662,-22.9660401,0.12248541,-0.184678671,-13.0883991,0.0747202396,-0.0786869962,-19.2904803,-46.4812064,1.61917218,2.09293033
339000000,59.3672866,-21.71445,0.120327006,-0.174655656,-13.4694978,0.0741207634,-0.079712151,-19.2635809,-47.0816218,1.61956655,2.09398799
339500000,59.6106114,-20.4629393,0.118405137,-0.164582807,-13.8608129,0.0734883637,-0.0807118091,-19.239083,-47.6820372,1.61996178,2.09504769
340000000,59.8548448,-19.2114948,0.116721421,-0.154468397,-14.2614972,0.0728235673,-0.0816849987,-19.2169869,-48.2824525,1.62035787,2.09610943
340500000,60.0999909,-17.9601032,0.115277091,-0.144320763,-14.6702547,0.0721269549,-0.0826307911,-19.1972913,-48.8828679,1.62075482,2.09717321
341000000,60.3460539,-16.7087513,0.11407299,-0.134148287,-15.085205,0.0713991601,-0.0835483032,-19.1799926,-49.4832833,1.62115263,2.09823904
341500000,60.5930382,-15.4574259,0.11310957,-0.123959368,-15.5037198,0.0706408674,-0.0844366998,-19.1650855,-50.0836986,1.6215513,2.09930692
342000000,60.840948,-14.2061137,0.112386892,-0.113762404,-15.9222345,0.0698528099,-0.0852951954,-19.1525628,-50.684114,1.62195083,2.10037685
342500000,61.0897876,-12.9548015,0.11190463,-0.103565769,-16.3360479,0.0690357673,-0.0861230567,-19.1424155,-51.2845294,1.62235123,2.10144883
343000000,61.3395613,-11.703476,0.111662071,-0.0933777854,-16.7391354,0.0681905638,-0.0869196036,-19.1346327,-51.8849448,1.6227525,2.10252287
343500000,61.5902736,-10.4521241,0.111658123,-0.0832067099,-17.1240219,0.0673180648,-0.0876842112,-19.1292017,-52.4853601,1.62315464,2.10359896
344000000,61.8419287,-9.20073239,0.111891317,-0.0730607064,-17.4817852,0.066419175,-0.0884163104,-19.126108,-53.0857755,1.62355764,2.10467712
344500000,62.0945312,-7.94928775,0.112359822,-0.0629478274,-17.80228,0.0654948351,-0.0891153896,-19.1253356,-53.6861909,1.62396152,2.10575734
345000000,62.3480854,-6.69777693,0.113061446,-0.0528759931,-18.0746708,0.0645460192,-0.0897809946,-19.1268664,-54.2866062,1.62436627,2.10683962
345500000,62.6025958,-5.4461867,0.113993652,-0.0428529729,-18.2883162,0.0635737315,-0.0904127299,-19.1306809,-54.8870216,1.62477189,2.10792397
346000000,62.858067,-4.19450382,0.115153567,-0.0328863664,-18.4339461,0.0625790035,-0.0910102582,-19.1367581,-55.487437,1.62517839,2.1090104
346500000,63.1145034,-2.94271506,0.116537996,-0.0229835862,-18.50493,0.0615628904,-0.091573301,-19.1450753,-56.0878524,1.62558577,2.11009889
347000000,63.3719097,-1.69080718,0.118143435,-0.0131518417,-18.4983195,0.0605264686,-0.0921016379,-19.1556082,-56.6882677,1.62599403,2.11118946
347500000,63.6302903,-0.438766948,0.119966087,-0.0033981238,-18.415347,0.0594708322,-0.0925951065,-19.1683313,-57.2886831,1.62640316,2.1122821
348000000,63.88965,0.813418878,0.122001875,0.00627080907,-18.2612115,0.0583970894,-0.0930536017,-19.1832177,-57.8890985,1.62681318,2.11337683
348500000,64.1499934,2.06576355,0.12424646,0.0158484437,-18.0442257,0.05730636,-0.0934770745,-19.2002391,-58.4895138,1.62722409,2.11447364
349000000,64.4113251,3.3182803,0.126695257,0.0253285234,-17.7745982,0.0561997722,-0.0938655314,-19.219366,-59.0899292,1.62763587,2.11557253
349500000,64.67365,4.5709824,0.129343456,0.0347050586,-17.463187,0.0550784589,-0.0942190328,-19.2405678,-59.6903446,1.62804855,2.11667351
350000000,64.9369726,5.82388311,0.132186032,0.0439723354,-17.1204801,0.0539435554,-0.0945376916,-19.2638126,-60.2907599,1.62846211,2.11777658
350500000,65.2012977,7.07699568,0.13521777,0.0531249233,-16.7559195,0.0527961961,-0.0948216721,-19.2890678,-60.8911753,1.62887656,2.11888175
351000000,65.4666303,8.33033339,0.138433281,0.0621576813,-16.3775602,0.0516375117,-0.0950711876,-19.3162994,-61.4915907,1.62929191,2.11998901
351500000,65.7329751,9.58390952,0.141827019,0.0710657632,-15.9919882,0.0504686267,-0.0952864988,-19.345473,-62.0920061,1.62970814,2.12109836
352000000,66.0003369,10.8377373,0.145393301,0.079844621,-15.6044034,0.0492906564,-0.095467912,-19.3765531,-62.6924214,1.63012528,2.12220981
352500000,66.2687207,12.0918302,0.149126323,0.0884900078,-15.2187897,0.0481047046,-0.095615777,-19.4095034,-63.2928368,1.6305433,2.12332337
353000000,66.5381313,13.3462013,0.15302018,0.0969979785,-14.8381136,0.0469118614,-0.0957304846,-19.4442871,-63.8932522,1.63096223,2.12443903
353500000,66.8085738,14.600864,0.157068884,0.105364891,-14.4645199,0.0457132007,-0.0958124649,-19.4808668,-64.4936675,1.63138205,2.1255568
354000000,67.0800532,15.8558317,0.161266376,0.113587403,-14.0995058,0.0445097781,-0.0958621845,-19.5192044,-65.0940829,1.63180278,2.12667668
354500000,67.3525744,17.1111176,0.165606552,0.121662473,-13.7440681,0.0433026294,-0.0958801445,-19.5592615,-65.6944983,1.63222441,2.12779867
355000000,67.6261425,18.3667351,0.170083271,0.129587355,-13.3988236,0.0420927681,-0.0958668782,-19.6009992,-66.2949137,1.63264694,2.12892278
355500000,67.9007626,19.6226976,0.174690375,0.137359597,-13.0641034,0.0408811845,-0.0958229483,-19.6443785,-66.895329,1.63307037,2.130049
356000000,68.1764398,20.8790184,0.179421701,0.144977031,-12.7400277,0.0396688437,-0.0957489451,-19.6893597,-67.4957444,1.63349472,2.13117734
356500000,68.4531793,22.1357108,0.184271101,0.152437774,-12.4265626,0.0384566846,-0.0956454835,-19.7359034,-68.0961598,1.63391997,2.13230781
357000000,68.7309862,23.3927884,0.18923245,0.159740219,-12.1235637,0.0372456184,-0.0955132013,-19.7839697,-68.6965751,1.63434613,2.1334404
357500000,69.0098659,24.6502644,0.194299661,0.166883025,-11.8308092,0.0360365278,-0.0953527564,-19.8335187,-69.2969905,1.63477321,2.13457512
358000000,69.2898235,25.9081524,0.199466699,0.173865114,-11.5480244,0.0348302662,-0.0951648248,-19.8845107,-69.8974059,1.6352012,2.13571197
358500000,69.5708643,27.1664656,0.204727591,0.18068566,-11.2749006,0.0336276566,-0.0949500982,-19.9369057,-70.4978213,1.6356301,2.13685095
359000000,69.8529936,28.4252177,0.210076438,0.187344083,-11.0111081,0.0324294914,-0.0947092817,-19.990664,-71.0982366,1.63605992,2.13799207
359500000,70.1362169,29.684422,0.215507422,0.193840037,-10.7563072,0.0312365315,-0.0944430923,-20.0457461,-71.698652,1.63649066,2.13913532
360000000,70.4205395,30.944092,0.221014818,0.200173402,-10.5101549,0.0300495064,-0.0941522561,-20.1021124,-72.2990674,1.63692232,2.14028072
360500000,70.7059669,32.2042412,0.226593005,0.206344277,-10.2723105,0.0288691138,-0.0938375066,-20.1597237,-72.8994827,1.63735491,2.14142826
361000000,70.9925044,33.4648831,0.232236465,0.212352964,-10.0424393,0.0276960191,-0.0934995831,-20.2185412,-73.4998981,1.63778841,2.14257794
361500000,71.2801577,34.7260313,0.237939801,0.218199966,-9.82021538,0.0265308562,-0.0931392286,-20.2785262,-74.1003135,1.63822284,2.14372977
362000000,71.5689323,35.9876992,0.243697734,0.223885971,-9.60532287,0.0253742269,-0.092757188,-20.3396405,-74.7007289,1.6386582,2.14488376
362500000,71.8588337,37.2499006,0.249505113,0.229411845,-9.39745758,0.0242267013,-0.0923542067,-20.401846,-75.3011442,1.63909449,2.1460399
363000000,72.1498675,38.5126488,0.255356921,0.23477862,-9.19632732,0.0230888182,-0.0919310289,-20.4651055,-75.9015596,1.6395317,2.14719819
363500000,72.4420395,39.7759576,0.261248275,0.239987487,-9.00165226,0.0219610853,-0.0914883963,-20.5293819,-76.501975,1.63996985,2.14835864
364000000,72.7353553,41.0398406,0.267174432,0.245039781,-8.81316492,0.0208439799,-0.0910270463,-20.5946386,-77.1023903,1.64040893,2.14952126
364500000,73.0298206,42.3043115,0.273130792,0.249936977,-8.63061004,0.0197379491,-0.0905477115,-20.6608396,-77.7028057,1.64084895,2.15068603
365000000,73.3254412,43.5693838,0.279112898,0.254680677,-8.45374427,0.0186434103,-0.0900511176,-20.7279494,-78.3032211,1.6412899,2.15185298
365500000,73.6222229,44.8350713,0.285116443,0.259272601,-8.28233577,0.0175607524,-0.0895379831,-20.795933,-78.9036365,1.6417318,2.15302209
366000000,73.9201715,46.1013877,0.291137263,0.263714579,-8.11616385,0.0164903357,-0.0890090178,-20.8647561,-79.5040518,1.64217463,2.15419338
366500000,74.219293,47.3683467,0.297171346,0.26800854,-7.9550184,0.0154324931,-0.0884649218,-20.9343848,-80.1044672,1.6426184,2.15536684
367000000,74.5195933,48.6359621,0.303214826,0.272156505,-7.79869952,0.0143875308,-0.0879063853,-21.004786,-80.7048826,1.64306312,2.15654248
367500000,74.8210782,49.9042477,0.309263986,0.276160578,-7.64701694,0.0133557288,-0.0873340871,-21.0759269,-81.3052979,1.64350879,2.1577203
368000000,75.1237539,51.1732173,0.315315257,0.280022938,-7.49978959,0.0123373422,-0.0867486943,-21.1477757,-81.9057133,1.6439554,2.1589003
368500000,75.4276264,52.4428847,0.321365215,0.283745829,-7.3568451,0.0113326013,-0.0861508616,-21.2203011,-82.5061287,1.64440296,2.16008249
369000000,75.7327017,53.7132638,0.327410584,0.287331555,-7.21801935,0.0103417133,-0.0855412306,-21.2934723,-83.1065441,1.64485147,2.16126687
369500000,76.038986,54.9843685,0.33344823,0.290782474,-7.08315603,0.00936486229,-0.0849204298,-21.3672592,-83.7069594,1.64530093,2.16245343
370000000,76.3464855,56.2562127,0.339475158,0.294100986,-6.95210624,0.00840221083,-0.0842890736,-21.4416326,-84.3073748,1.64575135,2.1636422
370500000,76.6552063,57.5288104,0.345488517,0.297289532,-6.82472804,0.00745390036,-0.0836477624,-21.5165636,-84.9077902,1.64620272,2.16483315
371000000,76.9651547,58.8021754,0.35148559,0.300350582,-6.7008861,0.00652005221,-0.0829970822,-21.5920243,-85.5082055,1.64665505,2.16602631
371500000,77.2763371,60.0763219,0.357463795,0.303286634,-6.58045134,0.00560076847,-0.0823376041,-21.6679871,-86.1086209,1.64710834,2.16722167
372000000,77.5887597,61.3512638,0.363420683,0.306100206,-6.46330057,0.00469613281,-0.0816698846,-21.7444253,-86.7090363,1.64756259,2.16841923
372500000,77.9024289,62.6270152,0.36935393,0.308793831,-6.34931619,0.00380621134,-0.080994465,-21.8213128,-87.3094517,1.64801781,2.169619
373000000,78.2173512,63.9035902,0.375261342,0.311370051,-6.23838588,0.00293105346,-0.0803118718,-21.8986243,-87.909867,1.64847399,2.17082098
373500000,78.533533,65.181003,0.381140845,0.313831414,-6.13040231,0.00207069263,-0.0796226161,-21.9763349,-88.5102824,1.64893113,2.17202517
374000000,78.8509809,66.4592676,0.386990483,0.316180469,-6.02526287,0.00122514725,-0.0789271942,-22.0544204,-89.1106978,1.64938924,2.17323158
374500000,79.1697013,67.7383983,0.392808417,0.31841976,-5.92286943,0.000394421367,-0.0782260871,-22.1328575,-89.7111131,1.64984833,2.17444021
375000000,79.489701,69.0184094,0.39859292,0.320551825,-5.82312809,-0.000421494469,-0.0775197609,-22.2116231,-90.3115285,1.65030838,2.17565106
375500000,79.8109865,70.2993149,0.404342375,0.322579191,-5.72594897,-0.00122262251,-0.0768086669,-22.2906952,-90.9119439,1.65076941,2.17686413
376000000,80.1335645,71.5811294,0.410055268,0.324504368,-5.631246,-0.00200899706,-0.0760932415,-22.3700521,-91.5123593,1.65123142,2.17807943
376500000,80.4574419,72.863867,0.415730188,0.326329853,-5.53893671,-0.00278066374,-0.0753739066,-22.4496728,-92.1127746,1.6516944,2.17929696
377000000,80.7826253,74.1475422,0.421365823,0.328058119,-5.44894206,-0.00353767883,-0.0746510696,-22.529537,-92.71319,1.65215836,2.18051672
377500000,81.1091216,75.4321693,0.426960953,0.329691617,-5.36118625,-0.00428010857,-0.0739251237,-22.6096249,-93.3136054,1.6526233,2.18173871
378000000,81.4369378,76.7177627,0.432514453,0.331232775,-5.27559659,-0.00500802855,-0.0731964483,-22.6899173,-93.9140207,1.65308922,2.18296295
378500000,81.7660806,78.0043371,0.438025282,0.332683989,-5.1921033,-0.00572152302,-0.0724654086,-22.7703955,-94.5144361,1.65355613,2.18418942
379000000,82.0965572,79.2919068,0.443492487,0.33404763,-5.1106394,-0.00642068437,-0.0717323566,-22.8510417,-95.1148515,1.65402403,2.18541814
379500000,82.4283745,80.5804864,0.448915194,0.335326035,-5.03114059,-0.00710561248,-0.0709976311,-22.9318382,-95.7152669,1.65449291,2.1866491
380000000,82.7615396,81.8700905,0.454292608,0.336521509,-4.95354505,-0.0077764142,-0.0702615576,-23.0127682,-96.3156822,1.65496278,2.18788232
380500000,83.0960597,83.1607338,0.459624006,0.337636323,-4.87779339,-0.00843320284,-0.0695244491,-23.0938154,-96.9160976,1.65543365,2.18911778
381000000,83.4319419,84.4524309,0.464908739,0.338672713,-4.80382852,-0.00907609758,-0.0687866062,-23.1749637,-97.516513,1.65590551,2.1903555
381500000,83.7691934,85.7451965,0.470146225,0.339632878,-4.73159552,-0.00970522306,-0.0680483173,-23.256198,-98.1169283,1.65637836,2.19159548
382000000,84.1078215,87.0390454,0.475335947,0.340518978,-4.66104155,-0.0103207089,-0.0673098591,-23.3375034,-98.7173437,1.65685221,2.19283772
382500000,84.4478336,88.3339924,0.480477451,0.341333138,-4.59211577,-0.0109226892,-0.0665714965,-23.4188655,-99.3177591,1.65732706,2.19408222
383000000,84.789237,89.6300523,0.485570342,0.34207744,-4.52476924,-0.0115113021,-0.0658334835,-23.5002706,-99.9181745,1.65780292,2.19532899
383500000,85.1320392,90.9272401,0.49061428,0.342753931,-4.4589548,-0.0120866896,-0.0650960631,-23.5817052,-100.51859,1.65827977,2.19657803
384000000,85.4762476,92.2255706,0.495608981,0.343364614,-4.39462706,-0.012648997,-0.0643594676,-23.6631564,-101.119005,1.65875763,2.19782934
384500000,85.8218698,93.5250588,0.500554211,0.343911454,-4.33174225,-0.0131983722,-0.0636239191,-23.7446119,-101.719421,1.6592365,2.19908293
385000000,86.1689134,94.8257197,0.505449782,0.344396376,-4.27025821,-0.0137349661,-0.0628896298,-23.8260595,-102.319836,1.65971638,2.20033879
385500000,86.517386,96.1275685,0.510295557,0.344821262,-4.21013426,-0.0142589318,-0.0621568019,-23.9074877,-102.920251,1.66019726,2.20159693
386000000,86.8672954,97.4306202,0.515091438,0.345187956,-4.1513312,-0.0147704241,-0.0614256287,-23.9888853,-103.520667,1.66067916,2.20285736
386500000,87.2186491,98.7348901,0.519837371,0.345498259,-4.0938112,-0.0152695998,-0.060696294,-24.0702417,-104.121082,1.66116207,2.20412007
387000000,87.5714552,100.040393,0.524533339,0.345753933,-4.03753774,-0.0157566169,-0.059968973,-24.1515463,-104.721497,1.66164601,2.20538508
387500000,87.9257215,101.347145,0.529179362,0.3459567,-3.98247559,-0.0162316347,-0.0592438325,-24.2327893,-105.321913,1.66213095,2.20665237
388000000,88.2814558,102.655161,0.533775497,0.34610824,-3.92859075,-0.0166948131,-0.0585210309,-24.3139611,-105.922328,1.66261692,2.20792197
388500000,88.6386661,103.964456,0.53832183,0.346210194,-3.87585035,-0.017146313,-0.0578007188,-24.3950525,-106.522744,1.66310391,2.20919386
389000000,88.9973605,105.275045,0.542818481,0.346264165,-3.82422268,-0.0175862956,-0.0570830391,-24.4760545,-107.123159,1.66359193,2.21046805
389500000,89.3575472,106.586945,0.547265597,0.346271715,-3.77367707,-0.0180149223,-0.0563681274,-24.5569586,-107.723574,1.66408097,2.21174454
390000000,89.7192341,107.90017,0.551663353,0.346234367,-3.72418389,-0.0184323547,-0.055656112,-24.6377568,-108.32399,1.66457104,2.21302334
390500000,90.0824296,109.214737,0.556011949,0.346153607,-3.67571452,-0.0188387542,-0.0549471147,-24.718441,-108.924405,1.66506214,2.21430446
391000000,90.4471419,110.530661,0.560311608,0.346030882,-3.62824127,-0.0192342819,-0.0542412503,-24.7990038,-109.52482,1.66555427,2.21558788
391500000,90.8133793,111.847957,0.564562576,0.345867604,-3.58173736,-0.0196190986,-0.0535386274,-24.879438,-110.125236,1.66604744,2.21687363
392000000,91.1811503,113.166641,0.56876512,0.345665146,-3.5361769,-0.0199933644,-0.0528393488,-24.9597366,-110.725651,1.66654164,2.21816169
392500000,91.5504632,114.48673,0.572919525,0.345424846,-3.49153483,-0.0203572388,-0.0521435109,-25.039893,-111.326067,1.66703688,2.21945207
393000000,91.9213266,115.808238,0.577026096,0.345148005,-3.44778691,-0.0207108804,-0.0514512048,-25.1199009,-111.926482,1.66753316,2.22074478
393500000,92.2937491,117.131183,0.581085152,0.34483589,-3.40490968,-0.0210544469,-0.050762516,-25.199754,-112.526897,1.66803048,2.22203981
394000000,92.6677393,118.455579,0.585097029,0.344489735,-3.36288042,-0.0213880951,-0.050077525,-25.2794467,-113.127313,1.66852884,2.22333718
394500000,93.0433059,119.781444,0.589062077,0.344110739,-3.32167713,-0.0217119804,-0.0493963072,-25.3589734,-113.727728,1.66902825,2.22463688
395000000,93.4204576,121.108792,0.592980658,0.343700066,-3.28127852,-0.0220262573,-0.048718933,-25.4383287,-114.328143,1.66952871,2.22593892
395500000,93.7992033,122.43764,0.596853147,0.343258851,-3.24166396,-0.0223310787,-0.0480454686,-25.5175076,-114.928559,1.67003022,2.2272433
396000000,94.1795519,123.768005,0.60067993,0.342788196,-3.20281346,-0.0226265965,-0.0473759754,-25.5965052,-115.528974,1.67053278,2.22855002
396500000,94.5615124,125.099903,0.604461401,0.342289171,-3.16470764,-0.0229129608,-0.0467105109,-25.675317,-116.129389,1.6710364,2.22985909
397000000,94.9450937,126.433349,0.608197966,0.341762816,-3.12732775,-0.0231903205,-0.0460491284,-25.7539385,-116.729805,1.67154107,2.23117051
397500000,95.3303049,127.768361,0.611890037,0.341210142,-3.09065558,-0.0234588227,-0.0453918772,-25.8323656,-117.33022,1.6720468,2.23248428
398000000,95.7171552,129.104955,0.615538033,0.34063213,-3.05467349,-0.0237186133,-0.0447388032,-25.9105943,-117.930636,1.67255358,2.23380041
398500000,96.1056538,130.443147,0.619142381,0.340029733,-3.01936438,-0.0239698362,-0.0440899486,-25.9886208,-118.531051,1.67306144,2.23511889
399000000,96.4958101,131.782955,0.622703514,0.339403876,-2.98471166,-0.0242126338,-0.0434453521,-26.0664415,-119.131466,1.67357035,2.23643973
399500000,96.8876333,133.124394,0.626221868,0.338755456,-2.95069923,-0.0244471468,-0.0428050493,-26.144053,-119.731882,1.67408033,2.23776294
400000000,97.2811329,134.467481,0.629697885,0.338085346,-2.91731149,-0.0246735141,-0.0421690727,-26.2214522,-120.332297,1.67459138,2.23908852
400500000,97.6763185,135.812234,0.63313201,0.33739439,-2.88453328,-0.0248918731,-0.0415374519,-26.2986359,-120.932712,1.6751035,2.24041647
401000000,98.0731995,137.158669,0.636524692,0.336683409,-2.85234989,-0.0251023592,-0.0409102136,-26.3756013,-121.533128,1.6756167,2.24174679
401500000,98.4717855,138.506803,0.639876382,0.335953198,-2.82074706,-0.0253051059,-0.0402873818,-26.4523456,-122.133543,1.67613097,2.24307949
402000000,98.8720865,139.856654,0.643187534,0.335204528,-2.78971093,-0.0255002454,-0.0396689779,-26.5288664,-122.733959,1.67664631,2.24441457
402500000,99.274112,141.208237,0.646458601,0.33443815,-2.75922805,-0.0256879075,-0.039055021,-26.6051611,-123.334374,1.67716273,2.24575204
403000000,99.677872,142.561571,0.64969004,0.333654786,-2.72928536,-0.0258682208,-0.0384455277,-26.6812276,-123.934789,1.67768024,2.24709189
403500000,100.083376,143.916673,0.652882307,0.332855142,-2.69987016,-0.0260413115,-0.0378405126,-26.7570637,-124.535205,1.67819882,2.24843413
404000000,100.490635,145.27356,0.656035859,0.332039898,-2.67097013,-0.0262073043,-0.0372399881,-26.8326674,-125.13562,1.6787185,2.24977876
404500000,100.899658,146.632249,0.659151153,0.331209716,-2.64257329,-0.0263663223,-0.0366439644,-26.9080369,-125.736035,1.67923926,2.25112579
405000000,101.310456,147.992758,0.662228645,0.330365234,-2.61466801,-0.0265184862,-0.03605245,-26.9831704,-126.336451,1.67976111,2.25247521
405500000,101.723039,149.355104,0.66526879,0.329507075,-2.58724298,-0.0266639155,-0.0354654516,-27.0580664,-126.936866,1.68028405,2.25382704
406000000,102.137417,150.719306,0.668272043,0.328635838,-2.5602872,-0.0268027276,-0.0348829741,-27.1327233,-127.537282,1.68080808,2.25518128
406500000,102.553601,152.08538,0.671238855,0.327752105,-2.53378999,-0.0269350381,-0.0343050207,-27.2071398,-128.137697,1.68133321,2.25653792
407000000,102.9716,153.453345,0.674169678,0.326856441,-2.50774096,-0.0270609609,-0.0337315932,-27.2813146,-128.738112,1.68185944,2.25789697
407500000,103.391426,154.823219,0.677064962,0.325949391,-2.48213001,-0.0271806082,-0.0331626919,-27.3552465,-129.338528,1.68238677,2.25925844
408000000,103.81309,156.195019,0.679925152,0.325031484,-2.45694731,-0.0272940903,-0.0325983155,-27.4289345,-129.938943,1.6829152,2.26062233
408500000,104.236601,157.568763,0.682750693,0.324103231,-2.4321833,-0.0274015159,-0.0320384616,-27.5023777,-130.539358,1.68344474,2.26198864
409000000,104.661971,158.94447,0.685542027,0.323165128,-2.40782869,-0.0275029919,-0.0314831265,-27.5755751,-131.139774,1.68397538,2.26335737
409500000,105.089211,160.322158,0.688299592,0.322217655,-2.38387443,-0.0275986235,-0.0309323052,-27.6485261,-131.740189,1.68450713,2.26472853
410000000,105.518331,161.701844,0.691023824,0.321261276,-2.36031173,-0.0276885142,-0.0303859918,-27.7212298,-132.340605,1.68503999,2.26610212
410500000,105.949343,163.083549,0.693715156,0.320296439,-2.33713201,-0.0277727659,-0.0298441791,-27.7936857,-132.94102,1.68557397,2.26747815
411000000,106.382258,164.467289,0.696374018,0.319323579,-2.31432693,-0.0278514788,-0.0293068591,-27.8658934,-133.541435,1.68610906,2.26885661
411500000,106.817086,165.853084,0.699000833,0.318343118,-2.29188839,-0.0279247515,-0.0287740227,-27.9378523,-134.141851,1.68664526,2.27023751
412000000,107.25384,167.240952,0.701596026,0.31735546,-2.26980848,-0.027992681,-0.02824566,-28.0095621,-134.742266,1.68718259,2.27162086
412500000,107.69253,168.630912,0.704160014,0.316361001,-2.24807951,-0.0280553627,-0.0277217603,-28.0810224,-135.342681,1.68772104,2.27300666
413000000,108.133168,170.022983,0.706693212,0.31536012,-2.22669399,-0.0281128903,-0.0272023119,-28.1522332,-135.943097,1.68826062,2.2743949
413500000,108.575766,171.417183,0.709196031,0.314353186,-2.20564462,-0.0281653562,-0.0266873026,-28.2231941,-136.543512,1.68880132,2.2757856
414000000,109.020336,172.813533,0.711668877,0.313340554,-2.18492428,-0.0282128511,-0.0261767194,-28.2939052,-137.143927,1.68934315,2.27717875
414500000,109.466888,174.21205,0.714112153,0.312322568,-2.16452607,-0.0282554642,-0.0256705487,-28.3643663,-137.744343,1.68988611,2.27857437
415000000,109.915435,175.612754,0.716526258,0.31129956,-2.14444323,-0.0282932833,-0.0251687762,-28.4345776,-138.344758,1.69043021,2.27997245
415500000,110.365989,177.015665,0.718911585,0.310271853,-2.1246692,-0.0283263947,-0.024671387,-28.5045391,-138.945174,1.69097544,2.28137299
416000000,110.818562,178.420801,0.721268526,0.309239757,-2.10519755,-0.0283548833,-0.0241783659,-28.574251,-139.545589,1.69152181,2.28277601
416500000,111.273165,179.828183,0.723597466,0.308203572,-2.08602206,-0.0283788325,-0.0236896968,-28.6437134,-140.146004,1.69206932,2.2841815
417000000,111.729812,181.23783,0.725898786,0.307163588,-2.06713664,-0.0283983245,-0.0232053636,-28.7129266,-140.74642,1.69261797,2.28558947
417500000,112.188514,182.649762,0.728172863,0.306120085,-2.04853535,-0.0284134398,-0.0227253494,-28.7818908,-141.346835,1.69316776,2.28699991
418000000,112.649284,184.063998,0.730420071,0.305073334,-2.03021241,-0.0284242579,-0.022249637,-28.8506066,-141.94725,1.69371871,2.28841284
418500000,113.112134,185.480558,0.732640777,0.304023597,-2.01216217,-0.0284308567,-0.021778209,-28.9190741,-142.547666,1.6942708,2.28982826
419000000,113.577078,186.899463,0.734835346,0.302971126,-1.99437915,-0.0284333131,-0.0213110474,-28.9872939,-143.148081,1.69482404,2.29124616
419500000,114.044126,188.320732,0.737004137,0.301916165,-1.97685797,-0.0284317025,-0.0208481339,-29.0552664,-143.748497,1.69537844,2.29266656
420000000,114.513293,189.744387,0.739147505,0.30085895,-1.95959341,-0.0284260989,-0.0203894501,-29.1229921,-144.348912,1.695934,2.29408946
420500000,114.984592,191.170446,0.741265801,0.299799707,-1.94258035,-0.0284165755,-0.0199349773,-29.1904716,-144.949327,1.69649071,2.29551485
421000000,115.458034,192.598931,0.743359371,0.298738656,-1.92581382,-0.028403204,-0.0194846963,-29.2577055,-145.549743,1.69704858,2.29694275
421500000,115.933634,194.029863,0.745428557,0.297676009,-1.90928896,-0.0283860549,-0.0190385878,-29.3246944,-146.150158,1.69760762,2.29837316
422000000,116.411405,195.463261,0.747473696,0.296611971,-1.89300102,-0.0283651976,-0.0185966326,-29.3914389,-146.750573,1.69816782,2.29980608
422500000,116.891359,196.899147,0.749495122,0.295546737,-1.87694538,-0.0283407004,-0.0181588108,-29.4579397,-147.350989,1.69872919,2.30124151
423000000,117.373511,198.337541,0.751493163,0.294480499,-1.86111753,-0.0283126304,-0.0177251027,-29.5241975,-147.951404,1.69929174,2.30267946
423500000,117.857874,199.778466,0.753468144,0.293413439,-1.84551304,-0.0282810535,-0.0172954882,-29.5902132,-148.55182,1.69985545,2.30411992
424000000,118.344461,201.221941,0.755420383,0.292345736,-1.83012762,-0.0282460348,-0.0168699473,-29.6559873,-149.152235,1.70042034,2.30556291
424500000,118.833286,202.667988,0.757350198,0.291277558,-1.81495707,-0.0282076381,-0.0164484598,-29.7215208,-149.75265,1.70098641,2.30700843
425000000,119.324363,204.116629,0.759257899,0.290209071,-1.79999728,-0.0281659261,-0.0160310053,-29.7868145,-150.353066,1.70155366,2.30845648
425500000,119.817706,205.567885,0.761143794,0.289140432,-1.78524423,-0.0281209608,-0.0156175635,-29.8518693,-150.953481,1.70212208,2.30990707
426000000,120.313329,207.021777,0.763008185,0.288071796,-1.77069403,-0.0280728029,-0.0152081137,-29.9166859,-151.553896,1.7026917,2.31136019
426500000,120.811247,208.478327,0.764851371,0.287003308,-1.75634284,-0.0280215121,-0.0148026354,-29.9812652,-152.154312,1.7032625,2.31281585
427000000,121.311473,209.937558,0.766673647,0.28593511,-1.74218693,-0.0279671474,-0.0144011081,-30.0456083,-152.754727,1.70383449,2.31427406
427500000,121.814022,211.399491,0.768475303,0.284867339,-1.72822264,-0.0279097667,-0.014003511,-30.109716,-153.355143,1.70440768,2.31573481
428000000,122.318908,212.864149,0.770256625,0.283800127,-1.71444643,-0.0278494268,-0.0136098235,-30.1735893,-153.955558,1.70498205,2.31719812
428500000,122.826147,214.331553,0.772017896,0.282733599,-1.70085479,-0.0277861838,-0.0132200249,-30.2372291,-154.555973,1.70555763,2.31866398
429000000,123.335752,215.801726,0.773759393,0.281667878,-1.68744434,-0.027720093,-0.0128340945,-30.3006365,-155.156389,1.7061344,2.3201324
429500000,123.84774,217.274691,0.775481392,0.28060308,-1.67421173,-0.0276512086,-0.0124520115,-30.3638124,-155.756804,1.70671238,2.32160338
430000000,124.362124,218.75047,0.777184162,0.279539319,-1.66115372,-0.027579584,-0.0120737552,-30.4267578,-156.357219,1.70729156,2.32307693
430500000,124.87892,220.229086,0.77886797,0.278476702,-1.64826713,-0.0275052718,-0.0116993049,-30.4894739,-156.957635,1.70787194,2.32455304
431000000,125.398143,221.710562,0.780533079,0.277415334,-1.63554885,-0.0274283237,-0.01132864,-30.5519615,-157.55805,1.70845354,2.32603173
431500000,125.919809,223.194921,0.782179747,0.276355315,-1.62299584,-0.0273487908,-0.0109617397,-30.6142219,-158.158465,1.70903635,2.32751299
432000000,126.443933,224.682186,0.783808229,0.275296741,-1.61060513,-0.0272667231,-0.0105985835,-30.6762561,-158.758881,1.70962037,2.32899683
432500000,126.970531,226.172381,0.785418776,0.274239705,-1.59837382,-0.0271821701,-0.0102391508,-30.738065,-159.359296,1.71020561,2.33048326
433000000,127.499618,227.665528,0.787011637,0.273184296,-1.58629906,-0.0270951804,-0.00988342103,-30.79965,-159.959712,1.71079207,2.33197227
433500000,128.031211,229.161652,0.788587055,0.272130598,-1.57437808,-0.0270058018,-0.00953137371,-30.8610119,-160.560127,1.71137974,2.33346387
434000000,128.565325,230.660777,0.790145271,0.271078694,-1.56260815,-0.0269140816,-0.00918298842,-30.9221521,-161.160542,1.71196865,2.33495807
434500000,129.101976,232.162926,0.791686521,0.270028661,-1.55098662,-0.026820066,-0.00883824479,-30.9830715,-161.760958,1.71255878,2.33645486
435000000,129.641182,233.668124,0.793211039,0.268980576,-1.53951089,-0.026723801,-0.00849712251,-31.0437713,-162.361373,1.71315014,2.33795426
435500000,130.182958,235.176394,0.794719054,0.26793451,-1.52817841,-0.0266253314,-0.00815960134,-31.1042527,-162.961788,1.71374273,2.33945625
436000000,130.727321,236.687761,0.796210794,0.266890533,-1.51698668,-0.0265247017,-0.00782566111,-31.1645168,-163.562204,1.71433656,2.34096086
436500000,131.274287,238.20225,0.79768648,0.265848711,-1.50593328,-0.0264219556,-0.00749528173,-31.2245648,-164.162619,1.71493162,2.34246808
437000000,131.823874,239.719885,0.799146334,0.264809106,-1.49501581,-0.0263171362,-0.00716844318,-31.2843977,-164.763035,1.71552792,2.34397791
437500000,132.376099,241.24069,0.800590571,0.26377178,-1.48423195,-0.0262102858,-0.00684512552,-31.3440168,-165.36345,1.71612547,2.34549036
438000000,132.930977,242.764692,0.802019406,0.262736792,-1.4735794,-0.0261014462,-0.0065253089,-31.4034233,-165.963865,1.71672426,2.34700543
438500000,133.488528,244.291915,0.803433047,0.261704195,-1.46305592,-0.0259906587,-0.00620897355,-31.4626183,-166.564281,1.71732429,2.34852313
439000000,134.048768,245.822385,0.804831701,0.260674043,-1.45265934,-0.0258779639,-0.00589609978,-31.521603,-167.164696,1.71792558,2.35004346
439500000,134.611715,247.356126,0.806215574,0.259646388,-1.4423875,-0.0257634018,-0.005586668,-31.5803786,-167.765111,1.71852812,2.35156642
440000000,135.177387,248.893165,0.807584864,0.258621276,-1.4322383,-0.0256470117,-0.0052806587,-31.6389463,-168.365527,1.71913191,2.35309202
440500000,135.745801,250.433527,0.808939771,0.257598755,-1.42220969,-0.0255288327,-0.00497805246,-31.6973072,-168.965942,1.71973696,2.35462026
441000000,136.316975,251.977239,0.810280489,0.256578868,-1.41229966,-0.0254089029,-0.00467882996,-31.7554626,-169.566358,1.72034328,2.35615114
441500000,136.890928,253.524326,0.81160721,0.255561656,-1.40250622,-0.0252872603,-0.00438297197,-31.8134136,-170.166773,1.72095085,2.35768467
442000000,137.467678,255.074815,0.812920123,0.25454716,-1.39282746,-0.025163942,-0.00409045936,-31.8711615,-170.767188,1.72155969,2.35922085
442500000,138.047243,256.628732,0.814219413,0.253535418,-1.38326147,-0.0250389848,-0.00380127309,-31.9287075,-171.367604,1.7221698,2.36075969
443000000,138.629643,258.186104,0.815505265,0.252526465,-1.3738064,-0.0249124249,-0.00351539421,-31.9860527,-171.968019,1.72278118,2.36230119
443500000,139.214895,259.746958,0.816777859,0.251520335,-1.36446044,-0.0247842981,-0.00323280388,-32.0431984,-172.568434,1.72339383,2.36384534
444000000,139.803019,261.31132,0.818037372,0.250517061,-1.3552218,-0.0246546395,-0.00295348334,-32.1001457,-173.16885,1.72400776,2.36539217
444500000,140.394034,262.879219,0.819283981,0.249516673,-1.34608875,-0.0245234841,-0.00267741394,-32.1568959,-173.769265,1.72462297,2.36694166
445000000,140.987959,264.45068,0.820517857,0.248519201,-1.33705957,-0.0243908659,-0.00240457711,-32.2134502,-174.369681,1.72523946,2.36849383
445500000,141.584814,266.025733,0.82173917,0.247524671,-1.32813259,-0.0242568189,-0.00213495441,-32.2698098,-174.970096,1.72585723,2.37004867
446000000,142.184618,267.604404,0.822948088,0.246533109,-1.31930616,-0.0241213765,-0.00186852746,-32.3259758,-175.570511,1.7264763,2.3716062
446500000,142.787392,269.186722,0.824144775,0.24554454,-1.31057868,-0.0239845716,-0.00160527799,-32.3819496,-176.170927,1.72709665,2.37316641
447000000,143.393154,270.772714,0.825329395,0.244558987,-1.30194857,-0.0238464367,-0.00134518784,-32.4377322,-176.771342,1.72771829,2.37472931
447500000,144.001926,272.36241,0.826502106,0.243576471,-1.29341429,-0.0237070039,-0.00108823893,-32.493325,-177.371757,1.72834123,2.3762949
448000000,144.613727,273.955836,0.827663067,0.242597012,-1.28497431,-0.0235663047,-0.000834413269,-32.5487291,-177.972173,1.72896546,2.37786318
448500000,145.228578,275.553023,0.828812433,0.241620629,-1.27662716,-0.0234243706,-0.000583692982,-32.6039456,-178.572588,1.729591,2.37943417
449000000,145.8465,277.153999,0.829950356,0.240647339,-1.26837136,-0.0232812322,-0.000336060272,-32.6589759,-179.173003,1.73021784,2.38100786
449500000,146.467513,278.758793,0.831076987,0.239677159,-1.26020551,-0.0231369202,-9.14974429e-05,-32.7138211,-179.773419,1.73084599,2.38258426
450000000,147.091639,280.367435,0.832192474,0.238710104,-1.25212818,-0.0229914644,0.000150013111,-32.7684824,-180.373834,1.73147544,2.38416337
450500000,147.718899,281.979954,0.833296964,0.237746189,-1.24413801,-0.0228448947,0.000388488904,-32.8229611,-180.97425,1.73210621,2.38574519
451000000,148.349313,283.596379,0.834390599,0.236785425,-1.23623365,-0.0226972402,0.000623947357,-32.8772582,-181.574665,1.73273829,2.38732973
451500000,148.982905,285.216741,0.835473523,0.235827825,-1.22841378,-0.02254853,0.000856405802,-32.931375,-182.17508,1.73337169,2.388917
452000000,149.619695,286.84107,0.836545874,0.2348734,-1.22067709,-0.0223987927,0.00108588148,-32.9853127,-182.775496,1.73400641,2.39050699
452500000,150.259706,288.469396,0.83760779,0.233922159,-1.21302232,-0.0222480564,0.00131239155,-33.0390725,-183.375911,1.73464245,2.39209971
453000000,150.902959,290.101749,0.838659406,0.232974112,-1.20544822,-0.0220963491,0.00153595307,-33.0926556,-183.976326,1.73527982,2.39369516
453500000,151.549477,291.738161,0.839700857,0.232029266,-1.19795356,-0.0219436982,0.00175658302,-33.1460631,-184.576742,1.73591852,2.39529335
454000000,152.199283,293.378663,0.840732272,0.231087629,-1.19053713,-0.021790131,0.0019742983,-33.1992962,-185.177157,1.73655854,2.39689429
454500000,152.852399,295.023285,0.841753782,0.230149207,-1.18319777,-0.0216356744,0.00218911571,-33.2523561,-185.777573,1.7371999,2.39849797
455000000,153.508849,296.672059,0.842765515,0.229214005,-1.1759343,-0.0214803549,0.00240105199,-33.305244,-186.377988,1.7378426,2.40010439
455500000,154.168655,298.325017,0.843767595,0.228282028,-1.1687456,-0.0213241988,0.00261012378,-33.3579611,-186.978403,1.73848664,2.40171358
456000000,154.831841,299.982191,0.844760147,0.22735328,-1.16163054,-0.021167232,0.00281634764,-33.4105085,-187.578819,1.73913202,2.40332551
456500000,155.498431,301.643612,0.845743293,0.226427764,-1.15458804,-0.02100948,0.00301974005,-33.4628874,-188.179234,1.73977875,2.40494021
457000000,156.168448,303.309314,0.846717153,0.225505483,-1.14761701,-0.0208509683,0.00322031742,-33.5150989,-188.779649,1.74042682,2.40655768
457500000,156.841916,304.979329,0.847681844,0.224586437,-1.1407164,-0.0206917219,0.00341809609,-33.5671443,-189.380065,1.74107625,2.40817791
458000000,157.51886,306.653689,0.848637485,0.223670628,-1.13388518,-0.0205317654,0.00361309228,-33.6190246,-189.98048,1.74172703,2.40980092
458500000,158.199304,308.332428,0.849584189,0.222758057,-1.12712233,-0.0203711234,0.0038053222,-33.670741,-190.580896,1.74237917,2.4114267
459000000,158.883272,310.01558,0.850522069,0.221848724,-1.12042684,-0.02020982,0.00399480194,-33.7222947,-191.181311,1.74303267,2.41305526
459500000,159.57079,311.703177,0.851451239,0.220942627,-1.11379774,-0.020047879,0.00418154752,-33.7736868,-191.781726,1.74368753,2.41468661
460000000,160.261883,313.395253,0.852371806,0.220039765,-1.10723407,-0.0198853242,0.00436557492,-33.8249185,-192.382142,1.74434375,2.41632074
460500000,160.956575,315.091844,0.85328388,0.219140137,-1.10073487,-0.0197221789,0.00454690001,-33.8759909,-192.982557,1.74500135,2.41795767
461000000,161.654894,316.792982,0.854187567,0.218243739,-1.09429922,-0.0195584661,0.00472553863,-33.9269051,-193.582972,1.74566032,2.41959739
461500000,162.356864,318.498703,0.855082972,0.21735057,-1.0879262,-0.0193942087,0.00490150652,-33.9776622,-194.183388,1.74632066,2.42123992
462000000,163.062511,320.209041,0.8559702,0.216460625,-1.08161492,-0.0192294292,0.00507481938,-34.0282635,-194.783803,1.74698238,2.42288524
462500000,163.771862,321.924032,0.856849351,0.215573901,-1.0753645,-0.0190641501,0.00524549282,-34.0787099,-195.384219,1.74764548,2.42453338
463000000,164.484943,323.643711,0.857720527,0.214690392,-1.06917407,-0.0188983933,0.00541354241,-34.1290027,-195.984634,1.74830996,2.42618433
463500000,165.201782,325.368113,0.858583826,0.213810096,-1.06304278,-0.0187321807,0.00557898364,-34.179143,-196.585049,1.74897583,2.42783809
464000000,165.922405,327.097275,0.859439347,0.212933005,-1.0569698,-0.0185655339,0.00574183195,-34.2291318,-197.185465,1.7496431,2.42949467
464500000,166.646839,328.831233,0.860287186,0.212059115,-1.05095429,-0.0183984742,0.00590210272,-34.2789702,-197.78588,1.75031175,2.43115408
465000000,167.375112,330.570024,0.861127437,0.21118842,-1.04499547,-0.0182310229,0.00605981126,-34.3286595,-198.386295,1.7509818,2.43281632
465500000,168.107252,332.313683,0.861960194,0.210320913,-1.03909253,-0.0180632007,0.00621497284,-34.3782006,-198.986711,1.75165325,2.43448138
466000000,168.843287,334.062248,0.862785549,0.209456587,-1.0332447,-0.0178950284,0.00636760266,-34.4275946,-199.587126,1.7523261,2.43614929
466500000,169.583245,335.815757,0.863603593,0.208595436,-1.0274512,-0.0177265265,0.00651771588,-34.4768428,-200.187541,1.75300035,2.43782003
467000000,170.327154,337.574248,0.864414416,0.207737452,-1.02171129,-0.017557715,0.00666532758,-34.525946,-200.787957,1.75367601,2.43949362
467500000,171.075044,339.337757,0.865218105,0.206882627,-1.01602423,-0.0173886141,0.00681045281,-34.5749055,-201.388372,1.75435309,2.44117005
468000000,171.826944,341.106324,0.866014748,0.206030953,-1.01038928,-0.0172192436,0.00695310658,-34.6237223,-201.988788,1.75503157,2.44284934
468500000,172.582883,342.879986,0.86680443,0.205182423,-1.00480574,-0.0170496231,0.00709330381,-34.6723975,-202.589203,1.75571148,2.44453148
469000000,173.34289,344.658783,0.867587237,0.204337026,-0.999272898,-0.0168797719,0.0072310594,-34.7209322,-203.189618,1.7563928,2.44621649
469500000,174.106996,346.442754,0.86836325,0.203494755,-0.993790065,-0.0167097093,0.00736638821,-34.7693273,-203.790034,1.75707555,2.44790435
470000000,174.875231,348.231939,0.869132553,0.2026556,-0.988356562,-0.0165394541,0.00749930503,-34.8175841,-204.390449,1.75775972,2.44959509
470500000,175.647625,350.026376,0.869895226,0.201819553,-0.982971718,-0.0163690253,0.00762982462,-34.8657035,-204.990864,1.75844533,2.4512887
471000000,176.424209,351.826107,0.870651348,0.200986603,-0.977634879,-0.0161984414,0.00775796168,-34.9136866,-205.59128,1.75913236,2.45298519
471500000,177.205014,353.631171,0.871401,0.20015674,-0.972345396,-0.0160277207,0.00788373089,-34.9615344,-206.191695,1.75982084,2.45468455
472000000,177.990073,355.44161,0.872144258,0.199329955,-0.967102634,-0.0158568816,0.00800714687,-35.009248,-206.792111,1.76051075,2.4563868
472500000,178.779415,357.257464,0.872881198,0.198506237,-0.961905968,-0.0156859419,0.00812822421,-35.0568285,-207.392526,1.7612021,2.45809194
473000000,179.573074,359.078774,0.873611896,0.197685577,-0.956754782,-0.0155149196,0.00824697745,-35.1042769,-207.992941,1.7618949,2.45979998
473500000,180.371081,360.905584,0.874336427,0.196867962,-0.951648472,-0.0153438322,0.00836342109,-35.1515941,-208.593357,1.76258914,2.46151091
474000000,181.173469,362.737934,0.875054863,0.196053383,-0.946586443,-0.0151726972,0.00847756961,-35.1987813,-209.193772,1.76328484,2.46322474
474500000,181.980272,364.575867,0.875767277,0.195241829,-0.941568109,-0.015001532,0.00858943744,-35.2458395,-209.794187,1.76398199,2.46494148
475000000,182.791522,366.419426,0.87647374,0.194433289,-0.936592893,-0.0148303535,0.00869903898,-35.2927696,-210.394603,1.7646806,2.46666112
475500000,183.607253,368.268653,0.877174323,0.19362775,-0.931660229,-0.0146591788,0.00880638857,-35.3395728,-210.995018,1.76538068,2.46838369
476000000,184.427498,370.123594,0.877869093,0.192825203,-0.92676956,-0.0144880246,0.00891150056,-35.38625,-211.595434,1.76608221,2.47010916
476500000,185.252293,371.98429,0.878558121,0.192025635,-0.921920337,-0.0143169074,0.00901438924,-35.4328022,-212.195849,1.76678522,2.47183756
477000000,186.081671,373.850787,0.879241473,0.191229035,-0.91711202,-0.0141458437,0.00911506886,-35.4792305,-212.796264,1.76748969,2.47356889
477500000,186.915668,375.723129,0.879919216,0.190435391,-0.912344077,-0.0139748497,0.00921355366,-35.5255358,-213.39668,1.76819564,2.47530315
478000000,187.754318,377.601361,0.880591415,0.189644691,-0.907615985,-0.0138039415,0.00930985784,-35.5717191,-213.997095,1.76890306,2.47704034
478500000,188.597658,379.485528,0.881258135,0.188856923,-0.90292723,-0.013633135,0.00940399557,-35.6177815,-214.59751,1.76961197,2.47878047
479000000,189.445722,381.375676,0.881919439,0.188072075,-0.898277305,-0.0134624459,0.009495981,-35.6637239,-215.197926,1.77032236,2.48052355
479500000,190.298549,383.271851,0.88257539,0.187290135,-0.893665712,-0.0132918898,0.00958582825,-35.7095473,-215.798341,1.77103424,2.48226957
480000000,191.156173,385.174099,0.883226051,0.186511091,-0.889091959,-0.0131214821,0.00967355139,-35.7552527,-216.398757,1.7717476,2.48401854
480500000,192.018632,387.082468,0.883871482,0.185734929,-0.884555564,-0.0129512382,0.0097591645,-35.8008411,-216.999172,1.77246247,2.48577047
481000000,192.885963,388.997005,0.884511744,0.184961639,-0.880056051,-0.012781173,0.00984268161,-35.8463135,-217.599587,1.77317882,2.48752536
481500000,193.758205,390.917757,0.885146896,0.184191207,-0.875592951,-0.0126113016,0.00992411674,-35.8916708,-218.200003,1.77389668,2.48928321
482000000,194.635394,392.844772,0.885776996,0.183423621,-0.871165804,-0.0124416388,0.0100034839,-35.9369139,-218.800418,1.77461604,2.49104404
482500000,195.517571,394.778099,0.886402104,0.182658868,-0.866774155,-0.0122721992,0.010080797,-35.982044,-219.400833,1.77533691,2.49280783
483000000,196.404772,396.717787,0.887022275,0.181896935,-0.862417557,-0.0121029972,0.01015607,-36.0270618,-220.001249,1.77605929,2.4945746
483500000,197.297039,398.663885,0.887637567,0.18113781,-0.858095571,-0.0119340473,0.0102293169,-36.0719684,-220.601664,1.77678319,2.49634436
484000000,198.19441,400.616442,0.888248034,0.18038148,-0.853807762,-0.0117653636,0.0103005515,-36.1167648,-221.202079,1.7775086,2.4981171
484500000,199.096925,402.57551,0.888853732,0.179627932,-0.849553705,-0.0115969601,0.0103697878,-36.1614519,-221.802495,1.77823553,2.49989282
485000000,200.004625,404.541138,0.889454714,0.178877153,-0.845332978,-0.0114288509,0.0104370395,-36.2060305,-222.40291,1.77896398,2.50167155
485500000,200.917551,406.513378,0.890051034,0.178129131,-0.841145167,-0.0112610495,0.0105023206,-36.2505018,-223.003326,1.77969396,2.50345327
486000000,201.835744,408.492281,0.890642745,0.177383852,-0.836989865,-0.0110935696,0.0105656448,-36.2948666,-223.603741,1.78042547,2.50523799
486500000,202.759246,410.477899,0.891229899,0.176641304,-0.832866669,-0.0109264248,0.0106270261,-36.3391258,-224.204156,1.78115852,2.50702573
487000000,203.688098,412.470285,0.891812546,0.175901473,-0.828775185,-0.0107596282,0.0106864781,-36.3832804,-224.804572,1.7818931,2.50881647
487500000,204.622343,414.469491,0.892390737,0.175164346,-0.824715021,-0.0105931931,0.0107440146,-36.4273313,-225.404987,1.78262923,2.51061023
488000000,205.562025,416.47557,0.892964523,0.174429911,-0.820685795,-0.0104271325,0.0107996495,-36.4712794,-226.005402,1.7833669,2.51240701
488500000,206.507186,418.488578,0.893533952,0.173698155,-0.816687128,-0.0102614594,0.0108533964,-36.5151258,-226.605818,1.78410611,2.51420681
489000000,207.45787,420.508567,0.894099074,0.172969064,-0.812718647,-0.0100961864,0.010905269,-36.5588712,-227.206233,1.78484688,2.51600964
489500000,208.414122,422.535592,0.894659935,0.172242625,-0.808779984,-0.00993132621,0.0109552812,-36.6025166,-227.806649,1.7855892,2.51781551
490000000,209.375987,424.56971,0.895216584,0.171518826,-0.804870779,-0.00976689133,0.0110034466,-36.6460629,-228.407064,1.78633308,2.51962442
490500000,210.343509,426.610975,0.895769066,0.170797652,-0.800990673,-0.00960289409,0.0110497788,-36.6895111,-229.007479,1.78707853,2.52143636
491000000,211.316735,428.659444,0.896317429,0.170079093,-0.797139316,-0.0094393467,0.0110942917,-36.7328619,-229.607895,1.78782553,2.52325135
491500000,212.295709,430.715173,0.896861718,0.169363133,-0.793316362,-0.00927626126,0.0111369987,-36.7761165,-230.20831,1.78857411,2.5250694
492000000,213.28048,432.77822,0.897401977,0.16864976,-0.789521469,-0.0091136497,0.0111779136,-36.8192755,-230.808725,1.78932426,2.5268905
492500000,214.271094,434.848644,0.897938251,0.167938962,-0.7857543,-0.00895152385,0.0112170501,-36.86234,-231.409141,1.79007598,2.52871466
493000000,215.267599,436.926501,0.898470583,0.167230725,-0.782014524,-0.00878989538,0.0112544216,-36.9053109,-232.009556,1.79082929,2.53054188
493500000,216.270042,439.011851,0.898999017,0.166525036,-0.778301815,-0.00862877585,0.011290042,-36.948189,-232.609972,1.79158417,2.53237217
494000000,217.278473,441.104753,0.899523596,0.165821882,-0.77461585,-0.00846817668,0.0113239247,-36.9909752,-233.210387,1.79234064,2.53420553
494500000,218.29294,443.205268,0.900044361,0.16512125,-0.770956312,-0.00830810916,0.0113560834,-37.0336704,-233.810802,1.79309871,2.53604198
495000000,219.313494,445.313455,0.900561354,0.164423127,-0.767322887,-0.00814858446,0.0113865316,-37.0762755,-234.411218,1.79385836,2.5378815
495500000,220.340183,447.429376,0.901074617,0.163727501,-0.763715267,-0.0079896136,0.0114152829,-37.1187914,-235.011633,1.79461962,2.53972411
496000000,221.37306,449.553093,0.901584188,0.163034358,-0.760133148,-0.0078312075,0.011442351,-37.1612189,-235.612048,1.79538247,2.54156981
496500000,222.412174,451.684667,0.902090109,0.162343686,-0.75657623,-0.00767337693,0.0114677493,-37.203559,-236.212464,1.79614693,2.54341861
497000000,223.457578,453.824162,0.902592419,0.161655472,-0.753044217,-0.00751613255,0.0114914913,-37.2458124,-236.812879,1.796913,2.5452705
497500000,224.509324,455.97164,0.903091157,0.160969702,-0.749536817,-0.00735948488,0.0115135908,-37.2879802,-237.413294,1.79768068,2.5471255
498000000,225.567465,458.127166,0.903586361,0.160286365,-0.746053743,-0.00720344432,0.0115340611,-37.3300631,-238.01371,1.79844997,2.54898361
498500000,226.632054,460.290804,0.904078069,0.159605447,-0.742594711,-0.00704802114,0.0115529158,-37.372062,-238.614125,1.79922088,2.55084483
499000000,227.703145,462.462619,0.90456632,0.158926935,-0.739159442,-0.00689322551,0.0115701684,-37.4139778,-239.214541,1.79999342,2.55270917
499500000,228.780793,464.642678,0.905051149,0.158250818,-0.73574766,-0.00673906743,0.0115858325,-37.4558113,-239.814956,1.80076758,2.55457663
500000000,229.865053,466.831046,0.905532593,0.157577082,-0.732359092,-0.00658555682,0.0115999214,-37.4975635,-240.415371,1.80154337,2.55644722
